first_name,last_name,age,minutes,bday,join,leave,min_perc,join_age,age_now,fname,player,team_name,season
Shusaku,Nishikawa,34,3060,1986-06-18,2014-01-05,"Jan 31, 2021",1,27.55068493150685,34.512328767123286,S,S. Nishikawa,Urawa Red Diamonds,2019
Daiki,Hashioka,21,2745,1999-05-17,2018-02-01,"Jan 31, 2021",0.897,18.71232876712329,21.6,D,D. Hashioka,Urawa Red Diamonds,2019
Tomoaki,Makino,33,2205,1987-05-11,2013-01-01,"Jan 31, 2021",0.721,25.643835616438356,33.61643835616438,T,T. Makino,Urawa Red Diamonds,2019
Ryosuke,Yamanaka,27,2010,1993-04-20,2019-01-10,"Jan 31, 2021",0.657,25.726027397260275,27.673972602739727,R,R. Yamanaka,Urawa Red Diamonds,2019
Shinzo,Koroki,34,1957,1986-07-31,2013-01-04,"Jan 31, 2021",0.64,26.43013698630137,34.394520547945206,S,S. Koroki,Urawa Red Diamonds,2019
NA,Leonardo,23,1801,1997-05-28,2020-01-04,"Jan 31, 2023",0.589,22.603825136612024,23.56986301369863,,Leonardo,Urawa Red Diamonds,2019
Takuya,Iwanami,26,1793,1994-06-18,2018-01-01,"Jan 31, 2021",0.586,23.53972602739726,26.512328767123286,T,T. Iwanami,Urawa Red Diamonds,2019
NA,Ewerton,28,1774,1992-12-01,2019-01-12,"Dec 31, 2020",0.58,26.115068493150684,28.057534246575344,,Ewerton,Urawa Red Diamonds,2019
Koya,Yuruki,25,1771,1995-07-03,2019-01-05,"Jan 31, 2021",0.579,23.50958904109589,25.471232876712328,K,K. Yuruki,Urawa Red Diamonds,2019
Kazuki,Nagasawa,29,1716,1991-12-16,2016-01-01,"Jan 31, 2021",0.561,24.043715846994534,29.016438356164382,K,K. Nagasawa,Urawa Red Diamonds,2019
Kai,Shibato,25,1707,1995-11-24,2018-02-01,"Jan 31, 2021",0.558,22.18904109589041,25.076712328767123,K,K. Shibato,Urawa Red Diamonds,2019
Thomas,Deng,23,1685,1997-03-20,2020-01-28,"Jan 31, 2021",0.551,22.85792349726776,23.75890410958904,T,T. Deng,Urawa Red Diamonds,2019
Yuki,Muto,32,1360,1988-11-07,2015-01-05,"Jan 31, 2021",0.444,26.161643835616438,32.12328767123287,Y,Y. Muto,Urawa Red Diamonds,2019
Takahiro,Sekine,25,1322,1995-04-19,2019-07-01,"Jan 31, 2021",0.432,24.19945355191257,25.676712328767124,T,T. Sekine,Urawa Red Diamonds,2019
Quenten,Martinus,29,1310,1991-03-07,2018-01-06,"Dec 31, 2020",0.428,26.835616438356166,29.794520547945204,Q,Q. Martinus,Urawa Red Diamonds,2019
Kenyu,Sugimoto,28,1283,1992-11-18,2019-01-01,"Jan 31, 2021",0.419,26.12054794520548,28.09315068493151,K,K. Sugimoto,Urawa Red Diamonds,2019
Takuya,Aoki,31,1118,1989-09-16,2014-01-06,"Jan 31, 2021",0.365,24.306849315068494,31.265753424657536,T,T. Aoki,Urawa Red Diamonds,2019
Tomoya,Ugajin,32,943,1988-03-23,2010-02-01,"Jan 31, 2021",0.308,21.863013698630137,32.75068493150685,T,T. Ugajin,Urawa Red Diamonds,2019
Yosuke,Kashiwagi,33,644,1987-12-15,2010-01-06,"Jan 31, 2021",0.21,22.06027397260274,33.01917808219178,Y,Y. Kashiwagi,Urawa Red Diamonds,2019
Katsuya,Iwatake,24,453,1996-06-04,2019-02-01,"Jan 31, 2021",0.148,22.663013698630138,24.55068493150685,K,K. Iwatake,Urawa Red Diamonds,2019
Daisuke,Suzuki,30,290,1990-01-29,2019-01-05,"Jan 31, 2021",0.095,28.934246575342467,30.896174863387976,D,D. Suzuki,Urawa Red Diamonds,2019
Maurício,Antônio,28,180,NA,NA,NA,0.059,NA,NA,M,M. Antônio,Urawa Red Diamonds,2019
Kosuke,Taketomi,30,116,1990-09-23,2018-01-06,"Jan 31, 2021",0.038,27.28767123287671,30.246575342465754,K,K. Taketomi,Urawa Red Diamonds,2019
NA,Fabrício,30,116,NA,NA,NA,0.038,NA,NA,,Fabrício,Urawa Red Diamonds,2019
Yuki,Abe,39,103,1981-09-06,2012-01-23,"Jan 31, 2021",0.034,30.379781420765028,39.293150684931504,Y,Y. Abe,Urawa Red Diamonds,2019
Ryotaro,Ito,22,84,1998-02-06,2016-02-01,"Jan 31, 2021",0.027,17.986301369863014,22.87431693989071,R,R. Ito,Urawa Red Diamonds,2019
Hidetoshi,Takeda,19,73,2001-09-15,2020-02-01,"Jan 31, 2023",0.024,18.379781420765028,19.268493150684932,H,H. Takeda,Urawa Red Diamonds,2019
Takuya,Ogiwara,21,25,NA,NA,NA,0.008,NA,NA,T,T. Ogiwara,Urawa Red Diamonds,2019
Takuya,Kida,26,2234,1994-08-23,2013-02-01,"Jan 31, 2021",0.73,18.443835616438356,26.33150684931507,T,T. Kida,Yokohama F. Marinos,2019
Takahiro,Ogihara,29,2190,1991-10-05,2017-01-07,"Jan 31, 2021",0.716,25.257534246575343,29.213698630136985,T,T. Ogihara,Yokohama F. Marinos,2019
Shinnosuke,Hatanaka,25,2163,1995-08-25,2018-08-14,"Jan 31, 2022",0.707,22.96986301369863,25.326027397260273,S,S. Hatanaka,Yokohama F. Marinos,2019
Theerathon,Bunmathan,30,1986,1990-02-06,2020-01-04,"Dec 31, 2022",0.649,29.90958904109589,30.87431693989071,T,T. Bunmathan,Yokohama F. Marinos,2019
Marcos,Júnior,27,1859,1993-01-19,2019-01-04,"Jan 31, 2023",0.608,25.958904109589042,27.92349726775956,M,M. Júnior,Yokohama F. Marinos,2019
NA,Erik,26,1803,1994-07-18,2019-08-04,"Jan 1, 2021",0.589,25.046448087431695,26.43013698630137,,Erik,Yokohama F. Marinos,2019
Thiago,Martins,25,1800,1995-03-17,2020-02-01,"Jan 31, 2021",0.588,24.87704918032787,25.767123287671232,T,T. Martins,Yokohama F. Marinos,2019
Ken,Matsubara,27,1728,1993-02-16,2017-01-01,"Jan 31, 2021",0.565,23.87431693989071,27.846994535519126,K,K. Matsubara,Yokohama F. Marinos,2019
Ryuta,Koike,25,1703,1995-08-29,2020-05-29,"Jan 31, 2022",0.557,24.74863387978142,25.315068493150687,R,R. Koike,Yokohama F. Marinos,2019
Makito,Ito,28,1554,1992-10-18,2019-07-01,"Jan 31, 2021",0.508,26.7013698630137,28.17808219178082,M,M. Ito,Yokohama F. Marinos,2019
Yuji,Kajikawa,29,1530,1991-07-26,2020-01-04,"Jan 31, 2021",0.5,28.442622950819672,29.40821917808219,Y,Y. Kajikawa,Yokohama F. Marinos,2019
Júnior,Santos,26,1480,1994-10-11,2020-08-11,"Jan 31, 2021",0.484,25.833333333333332,26.197260273972603,J,J. Santos,Yokohama F. Marinos,2019
Jun,Amano,29,1142,1991-07-19,2014-02-01,"Jan 31, 2021",0.373,22.53972602739726,29.427397260273974,J,J. Amano,Yokohama F. Marinos,2019
Kota,Mizunuma,30,1107,1990-02-22,2020-01-04,"Jan 31, 2021",0.362,29.865753424657534,30.830601092896174,K,K. Mizunuma,Yokohama F. Marinos,2019
Il-kyu,Park,31,1080,NA,NA,NA,0.353,NA,NA,I,I. Park,Yokohama F. Marinos,2019
Daizen,Maeda,23,1006,1997-10-20,2020-08-03,"Jan 31, 2021",0.329,22.78688524590164,23.172602739726027,D,D. Maeda,Yokohama F. Marinos,2019
Teruhito,Nakagawa,28,938,1992-07-27,2015-02-01,"Jan 31, 2021",0.307,22.517808219178082,28.405479452054795,T,T. Nakagawa,Yokohama F. Marinos,2019
Ado,Onaiwu,25,934,1995-11-08,2020-02-01,"Jan 31, 2021",0.305,24.23224043715847,25.12054794520548,A,A. Onaiwu,Yokohama F. Marinos,2019
Takuya,Wada,30,926,1990-07-28,2020-02-01,"Jan 31, 2021",0.303,29.51366120218579,30.4027397260274,T,T. Wada,Yokohama F. Marinos,2019
Kota,Watanabe,22,775,1998-10-18,2019-08-08,"Jan 31, 2021",0.253,20.805479452054794,22.17808219178082,K,K. Watanabe,Yokohama F. Marinos,2019
Ryo,Takano,26,725,1994-11-13,2017-02-01,"Jan 31, 2021",0.237,22.21917808219178,26.106849315068494,R,R. Takano,Yokohama F. Marinos,2019
Edigar,Junio,29,642,NA,NA,NA,0.21,NA,NA,E,E. Junio,Yokohama F. Marinos,2019
Eitaro,Matsuda,19,525,2001-05-20,2020-02-01,"Jan 31, 2023",0.172,18.702185792349727,19.59178082191781,E,E. Matsuda,Yokohama F. Marinos,2019
Yuki,Saneto,31,450,1989-01-19,2020-03-23,"Jan 31, 2021",0.147,31.174863387978142,31.92349726775956,Y,Y. Saneto,Yokohama F. Marinos,2019
Keita,Endo,23,366,NA,NA,NA,0.12,NA,NA,K,K. Endo,Yokohama F. Marinos,2019
Yuki,Otsu,30,329,1990-03-24,2018-01-06,"Jan 31, 2021",0.108,27.78904109589041,30.747945205479454,Y,Y. Otsu,Yokohama F. Marinos,2019
Yohei,Takaoka,24,310,1996-03-16,2020-10-23,"Jan 31, 2022",0.101,24.605479452054794,24.76986301369863,Y,Y. Takaoka,Yokohama F. Marinos,2019
Keiya,Sento,25,140,NA,NA,NA,0.046,NA,NA,K,K. Sento,Yokohama F. Marinos,2019
Powell,Obinna,23,139,1997-12-18,2020-02-01,"Jan 31, 2021",0.045,22.12295081967213,23.01095890410959,P,P. Obinna,Yokohama F. Marinos,2019
Ryotaro,Tsunoda,21,7,1999-06-27,2020-10-09,-,0.002,21.284931506849315,21.487671232876714,R,R. Tsunoda,Yokohama F. Marinos,2019
Sung-ryong,Jung,35,3060,1985-01-04,2016-01-01,"Jan 1, 2021",1,30.991780821917807,35.96448087431694,S,S. Jung,Kawasaki Frontale,2019
Miki,Yamane,27,2739,1993-12-22,2020-01-04,"Jan 31, 2021",0.895,26.03551912568306,27,M,M. Yamane,Kawasaki Frontale,2019
Shogo,Taniguchi,29,2466,1991-07-15,2014-02-01,"Jan 31, 2021",0.806,22.55068493150685,29.438356164383563,S,S. Taniguchi,Kawasaki Frontale,2019
NA,Jesiel,26,2412,1994-03-05,2020-01-04,"Jan 31, 2021",0.788,25.833333333333332,26.8,,Jesiel,Kawasaki Frontale,2019
Kyohei,Noborizato,30,2293,1990-11-13,2009-02-01,"Jan 31, 2021",0.749,18.21917808219178,30.106849315068494,K,K. Noborizato,Kawasaki Frontale,2019
Hidemasa,Morita,25,2224,1995-05-10,2018-02-01,"Jan 31, 2021",0.727,22.731506849315068,25.61917808219178,H,H. Morita,Kawasaki Frontale,2019
Ao,Tanaka,22,2182,1998-09-10,2017-02-01,"Jan 31, 2022",0.713,18.394520547945206,22.28219178082192,A,A. Tanaka,Kawasaki Frontale,2019
Akihiro,Ienaga,34,2125,1986-06-13,2017-01-05,"Jan 31, 2021",0.694,30.564383561643837,34.52602739726027,A,A. Ienaga,Kawasaki Frontale,2019
Leandro,Damião,31,1787,1989-07-22,2019-02-02,"Jan 1, 2021",0.584,29.534246575342465,31.41917808219178,L,L. Damião,Kawasaki Frontale,2019
Yasuto,Wakizaka,25,1633,1995-06-11,2018-02-01,"Jan 31, 2022",0.534,22.643835616438356,25.53150684931507,Y,Y. Wakizaka,Kawasaki Frontale,2019
Kaoru,Mitoma,23,1594,1997-05-20,2020-02-01,"Jan 31, 2021",0.521,22.702185792349727,23.59178082191781,K,K. Mitoma,Kawasaki Frontale,2019
Ryota,Oshima,27,1482,1993-01-23,2011-02-01,"Jan 31, 2021",0.484,18.024657534246575,27.91256830601093,R,R. Oshima,Kawasaki Frontale,2019
Reo,Hatate,23,1476,1997-11-21,2020-02-01,"Jan 31, 2021",0.482,22.19672131147541,23.084931506849315,R,R. Hatate,Kawasaki Frontale,2019
Yu,Kobayashi,33,1313,1987-09-23,2010-02-01,"Jan 31, 2021",0.429,22.35890410958904,33.24657534246575,Y,Y. Kobayashi,Kawasaki Frontale,2019
Shintaro,Kurumaya,28,1215,1992-04-05,2015-02-01,"Jan 31, 2021",0.397,22.827397260273973,28.715068493150685,S,S. Kurumaya,Kawasaki Frontale,2019
Manabu,Saito,30,889,1990-04-04,2018-01-12,"Jan 31, 2021",0.291,27.775342465753425,30.71780821917808,M,M. Saito,Kawasaki Frontale,2019
Kazuya,Yamamura,31,577,1989-12-02,2019-01-01,"Jan 31, 2021",0.189,29.08219178082192,31.054794520547944,K,K. Yamamura,Kawasaki Frontale,2019
Tatsuya,Hasegawa,26,569,1994-03-07,2016-02-01,"Jan 31, 2021",0.186,21.904371584699454,26.794520547945204,T,T. Hasegawa,Kawasaki Frontale,2019
Kengo,Nakamura,40,548,1980-10-31,2003-02-01,"Jan 31, 2021",0.179,22.254794520547946,40.14246575342466,K,K. Nakamura,Kawasaki Frontale,2019
Hokuto,Shimoda,29,431,1991-11-07,2018-01-05,"Jan 31, 2021",0.141,26.161643835616438,29.123287671232877,H,H. Shimoda,Kawasaki Frontale,2019
Taisei,Miyashiro,20,296,2000-05-26,2018-04-13,"Jan 31, 2021",0.097,17.882191780821916,20.575342465753426,T,T. Miyashiro,Kawasaki Frontale,2019
Diogo,Mateus,27,270,1993-02-13,2020-02-02,"Dec 15, 2022",0.088,26.96986301369863,27.8551912568306,D,D. Mateus,Kawasaki Frontale,2019
Tomoya,Inukai,27,2790,1993-05-12,2018-01-06,"Jan 31, 2021",0.912,24.654794520547945,27.613698630136987,T,T. Inukai,Kashima Antlers,2019
NA,Everaldo,29,2649,1991-07-05,2020-01-04,"Jan 31, 2022",0.866,28.5,29.465753424657535,,Everaldo,Kashima Antlers,2019
Kento,Misao,24,2446,1996-04-16,2016-01-12,"Jan 31, 2021",0.799,19.740437158469945,24.684931506849313,K,K. Misao,Kashima Antlers,2019
Léo,Silva,34,2376,1985-12-24,2017-01-01,"Jan 31, 2021",0.776,31.02191780821918,34.994535519125684,L,L. Silva,Kashima Antlers,2019
Yuya,Oki,21,2160,1999-08-22,2018-02-01,"Jan 31, 2021",0.706,18.446575342465753,21.334246575342465,Y,Y. Oki,Kashima Antlers,2019
Shoma,Doi,28,2112,1992-05-21,2011-02-01,"Jan 31, 2021",0.69,18.7013698630137,28.589041095890412,S,S. Doi,Kashima Antlers,2019
Juan,Alano,24,2014,1996-09-02,2020-01-04,"Jan 31, 2022",0.658,23.338797814207652,24.304109589041097,J,J. Alano,Kashima Antlers,2019
Katsuya,Nagato,25,1943,1995-01-15,2020-01-04,"Jan 31, 2021",0.635,24.96986301369863,25.934426229508198,K,K. Nagato,Kashima Antlers,2019
Koki,Machida,23,1811,1997-08-25,2016-02-01,"Jan 31, 2021",0.592,18.437158469945356,23.326027397260273,K,K. Machida,Kashima Antlers,2019
Kei,Koizumi,25,1701,1995-04-19,2019-07-24,"Jan 31, 2021",0.556,24.262295081967213,25.676712328767124,K,K. Koizumi,Kashima Antlers,2019
Ryuji,Izumi,27,1630,1993-11-06,2020-01-04,"Jan 31, 2021",0.533,26.161202185792348,27.126027397260273,R,R. Izumi,Kashima Antlers,2019
Ryota,Nagaki,32,1210,1988-06-04,2016-01-01,"Jan 31, 2021",0.395,27.57650273224044,32.55068493150685,R,R. Nagaki,Kashima Antlers,2019
Ikuma,Sekigawa,20,1168,2000-09-13,2019-02-01,"Jan 31, 2022",0.382,18.386301369863013,20.273972602739725,I,I. Sekigawa,Kashima Antlers,2019
Ayase,Ueda,22,1151,1998-08-28,2019-07-26,"Jan 31, 2022",0.376,20.90958904109589,22.317808219178083,A,A. Ueda,Kashima Antlers,2019
Ryotaro,Araki,18,893,2002-01-29,2020-02-01,"Jan 31, 2023",0.292,18.008196721311474,18.896174863387976,R,R. Araki,Kashima Antlers,2019
Rikuto,Hirose,25,890,1995-09-23,2020-01-04,"Jan 31, 2021",0.291,24.281420765027324,25.246575342465754,R,R. Hirose,Kashima Antlers,2019
Yasushi,Endo,32,847,1988-04-07,2007-02-01,"Jan 31, 2021",0.277,18.82191780821918,32.70958904109589,Y,Y. Endo,Kashima Antlers,2019
Sun-tae,Kwon,36,630,1984-09-11,2017-01-28,"Jan 31, 2021",0.206,32.38082191780822,36.27945205479452,S,S. Kwon,Kashima Antlers,2019
Shuto,Yamamoto,35,602,1985-06-01,2014-01-06,"Jan 31, 2021",0.197,28.6,35.558904109589044,S,S. Yamamoto,Kashima Antlers,2019
Daiki,Sugioka,22,537,1998-09-08,2020-01-04,"Jan 31, 2022",0.175,21.3224043715847,22.28767123287671,D,D. Sugioka,Kashima Antlers,2019
Sho,Ito,32,365,1988-07-24,2019-01-01,"Jan 31, 2021",0.119,30.44109589041096,32.413698630136984,S,S. Ito,Kashima Antlers,2019
Tatsuki,Nara,27,357,1993-09-19,2020-01-04,"Jan 31, 2021",0.117,26.292349726775956,27.257534246575343,T,T. Nara,Kashima Antlers,2019
Itsuki,Someno,19,344,2001-09-12,2020-02-01,"Jan 31, 2021",0.112,18.387978142076502,19.276712328767122,I,I. Someno,Kashima Antlers,2019
Ryohei,Shirasaki,27,304,1993-05-18,2019-01-05,"Jan 31, 2021",0.099,25.635616438356166,27.5972602739726,R,R. Shirasaki,Kashima Antlers,2019
Taiki,Yamada,18,180,2002-01-08,2020-02-01,"Jan 31, 2023",0.059,18.065573770491802,18.953551912568305,T,T. Yamada,Kashima Antlers,2019
Shintaro,Nago,24,149,1996-04-17,2019-02-01,"Jan 31, 2021",0.049,22.794520547945204,24.682191780821917,S,S. Nago,Kashima Antlers,2019
Yuta,Matsumura,19,139,2001-04-13,2020-02-01,"Jan 31, 2023",0.045,18.80327868852459,19.693150684931506,Y,Y. Matsumura,Kashima Antlers,2019
Atsuto,Uchida,32,134,NA,NA,NA,0.044,NA,NA,A,A. Uchida,Kashima Antlers,2019
Hitoshi,Sogahata,41,90,1979-08-02,1998-02-01,"Jan 31, 2021",0.029,18.5013698630137,41.38904109589041,H,H. Sogahata,Kashima Antlers,2019
Keigo,Tsunemoto,22,11,1998-10-21,2020-09-11,-,0.004,21.89071038251366,22.16986301369863,K,K. Tsunemoto,Kashima Antlers,2019
Hotaru,Yamaguchi,30,2876,1990-10-06,2019-01-01,"Jan 31, 2021",0.94,28.23835616438356,30.21095890410959,H,H. Yamaguchi,Vissel Kobe,2019
Gotoku,Sakai,29,2511,1991-03-14,2019-08-14,"Jan 31, 2022",0.821,28.418032786885245,29.775342465753425,G,G. Sakai,Vissel Kobe,2019
Kyogo,Furuhashi,25,2202,1995-01-20,2018-08-01,"Jan 31, 2023",0.72,23.528767123287672,25.920765027322403,K,K. Furuhashi,Vissel Kobe,2019
Daigo,Nishi,33,2115,1987-08-28,2019-01-07,"Jan 31, 2021",0.691,31.361643835616437,33.31780821917808,D,D. Nishi,Vissel Kobe,2019
Andrés,Iniesta,36,1998,1984-05-11,2018-07-01,"Jan 31, 2021",0.653,34.13972602739726,36.61643835616438,A,A. Iniesta,Vissel Kobe,2019
Leo,Osaki,29,1942,1991-07-08,2018-07-16,"Jan 31, 2021",0.635,27.02191780821918,29.457534246575342,L,L. Osaki,Vissel Kobe,2019
Sergi,Samper,25,1815,1995-01-20,2019-03-07,"Jan 31, 2021",0.593,24.126027397260273,25.920765027322403,S,S. Samper,Vissel Kobe,2019
NA,Dankler,28,1800,1992-01-24,2019-02-15,"Jan 31, 2021",0.588,27.06027397260274,28.90983606557377,,Dankler,Vissel Kobe,2019
NA,Douglas,32,1716,1987-12-30,2020-01-11,"Jan 31, 2021",0.561,32.032786885245905,32.978142076502735,,Douglas,Vissel Kobe,2019
Hiroki,Iikura,34,1620,1986-06-01,2019-07-26,"Jan 31, 2021",0.529,33.150273224043715,34.558904109589044,H,H. Iikura,Vissel Kobe,2019
Yuta,Goke,21,1376,1999-06-10,2018-02-01,"Jan 31, 2021",0.45,18.646575342465752,21.534246575342465,Y,Y. Goke,Vissel Kobe,2019
Daiya,Maekawa,26,1350,1994-09-08,2017-02-04,"Jan 31, 2021",0.441,22.40821917808219,26.28767123287671,D,D. Maekawa,Vissel Kobe,2019
Noriaki,Fujimoto,31,1256,1989-08-19,2019-08-07,"Jan 31, 2021",0.41,29.96712328767123,31.34246575342466,N,N. Fujimoto,Vissel Kobe,2019
Thomas,Vermaelen,35,1198,1985-11-14,2019-07-27,"Jan 31, 2022",0.392,33.6986301369863,35.104109589041094,T,T. Vermaelen,Vissel Kobe,2019
Keijiro,Ogawa,28,1169,1992-07-14,2011-02-01,"Jan 31, 2021",0.382,18.553424657534247,28.44109589041096,K,K. Ogawa,Vissel Kobe,2019
Hirofumi,Watanabe,33,1017,1987-07-07,2017-01-04,"Jan 31, 2021",0.332,29.495890410958904,33.46027397260274,H,H. Watanabe,Vissel Kobe,2019
Takuya,Yasui,22,999,1998-11-21,2017-02-01,"Jan 31, 2021",0.326,18.197260273972603,22.084931506849315,T,T. Yasui,Vissel Kobe,2019
Ryuho,Kikuchi,24,938,1996-12-09,2020-01-04,"Jan 31, 2023",0.307,23.07103825136612,24.035616438356165,R,R. Kikuchi,Vissel Kobe,2019
Ryo,Hatsuse,23,729,1997-07-10,2019-01-05,"Jan 31, 2021",0.238,21.49041095890411,23.45205479452055,R,R. Hatsuse,Vissel Kobe,2019
Junya,Tanaka,33,701,1987-07-15,2017-01-06,"Jan 31, 2021",0.229,29.47945205479452,33.43835616438356,J,J. Tanaka,Vissel Kobe,2019
Yutaro,Oda,19,662,2001-08-12,2020-02-01,"Jan 31, 2023",0.216,18.472677595628415,19.361643835616437,Y,Y. Oda,Vissel Kobe,2019
So,Fujitani,23,542,1997-10-28,2016-02-01,"Jan 31, 2021",0.177,18.262295081967213,23.15068493150685,S,S. Fujitani,Vissel Kobe,2019
Daiju,Sasaki,21,510,1999-09-17,2018-02-01,"Jan 31, 2022",0.167,18.375342465753423,21.263013698630136,D,D. Sasaki,Vissel Kobe,2019
Tetsushi,Yamakawa,23,450,1997-10-01,2020-02-01,"Jan 31, 2023",0.147,22.33606557377049,23.224657534246575,T,T. Yamakawa,Vissel Kobe,2019
Kenshin,Yoshimaru,24,90,1996-03-27,2014-02-01,"Jan 31, 2021",0.029,17.852054794520548,24.73972602739726,K,K. Yoshimaru,Vissel Kobe,2019
Yuya,Nakasaka,23,75,1997-08-05,2016-02-01,"Jan 31, 2021",0.025,18.491803278688526,23.38082191780822,Y,Y. Nakasaka,Vissel Kobe,2019
Jin-hyeon,Kim,33,3060,1987-07-06,2009-01-01,"Jan 31, 2021",1,21.49041095890411,33.463013698630135,J,J. Kim,Cerezo Osaka,2019
Matej,Jonjic,29,3060,1991-01-29,2017-01-01,"Jan 31, 2021",1,25.92349726775956,29.896174863387976,M,M. Jonjic,Cerezo Osaka,2019
Tatsuhiro,Sakamoto,24,2752,1996-10-22,2020-01-06,"Jan 31, 2021",0.899,23.207650273224044,24.167123287671235,T,T. Sakamoto,Cerezo Osaka,2019
Riku,Matsuda,29,2628,1991-07-24,2016-01-08,"Jan 31, 2021",0.859,24.459016393442624,29.413698630136988,R,R. Matsuda,Cerezo Osaka,2019
Hiroshi,Kiyotake,31,2528,1989-11-12,2017-02-01,"Jan 31, 2021",0.826,27.221917808219178,31.10958904109589,H,H. Kiyotake,Cerezo Osaka,2019
Hiroaki,Okuno,31,2508,1989-08-14,2019-01-04,"Jan 31, 2021",0.82,29.39178082191781,31.356164383561644,H,H. Okuno,Cerezo Osaka,2019
Naoyuki,Fujita,33,2463,1987-06-22,2019-01-07,"Jan 31, 2021",0.805,31.545205479452054,33.5013698630137,N,N. Fujita,Cerezo Osaka,2019
Ayumu,Seko,20,2217,2000-06-07,2019-02-01,"Jan 31, 2021",0.725,18.654794520547945,20.542465753424658,A,A. Seko,Cerezo Osaka,2019
Yusuke,Maruhashi,30,2125,1990-09-02,2009-02-01,"Jan 31, 2021",0.694,18.416438356164385,30.304109589041097,Y,Y. Maruhashi,Cerezo Osaka,2019
Leandro,Desábato,30,2068,1990-03-30,2019-01-10,"Jan 1, 2021",0.676,28.783561643835615,30.731506849315068,L,L. Desábato,Cerezo Osaka,2019
Yasuki,Kimoto,27,1875,1993-08-06,2016-02-01,"Jan 31, 2021",0.613,22.489071038251367,27.378082191780823,Y,Y. Kimoto,Cerezo Osaka,2019
Eiichi,Katayama,29,1796,1991-11-30,2018-01-01,"Jan 31, 2021",0.587,26.087671232876712,29.06027397260274,E,E. Katayama,Cerezo Osaka,2019
Bruno,Mendes,26,1476,1994-08-02,2020-02-01,"Jan 1, 2021",0.482,25.5,26.389041095890413,B,B. Mendes,Cerezo Osaka,2019
Yoichiro,Kakitani,30,752,1990-01-03,2016-01-04,"Jan 31, 2021",0.246,26.002732240437158,30.9672131147541,Y,Y. Kakitani,Cerezo Osaka,2019
Yuta,Toyokawa,26,750,1994-09-09,2020-01-04,"Jan 31, 2021",0.245,25.31967213114754,26.284931506849315,Y,Y. Toyokawa,Cerezo Osaka,2019
Ken,Tokura,34,625,1986-06-16,2019-01-04,"Jan 31, 2021",0.204,32.553424657534244,34.51780821917808,K,K. Tokura,Cerezo Osaka,2019
Toshiyuki,Takagi,29,336,1991-05-25,2018-01-06,"Jan 31, 2021",0.11,26.61917808219178,29.578082191780823,T,T. Takagi,Cerezo Osaka,2019
Koji,Suzuki,31,266,1989-07-25,2019-08-13,"Jan 31, 2021",0.087,30.05191256830601,31.410958904109588,K,K. Suzuki,Cerezo Osaka,2019
Jun,Nishikawa,18,191,2002-02-21,2020-02-01,"Jan 31, 2023",0.062,17.945205479452056,18.833333333333332,J,J. Nishikawa,Cerezo Osaka,2019
Yuta,Koike,24,48,1996-11-06,2020-01-11,"Jan 31, 2021",0.016,23.18032786885246,24.126027397260273,Y,Y. Koike,Cerezo Osaka,2019
Lucas,Mineiro,24,42,NA,NA,NA,0.014,NA,NA,L,L. Mineiro,Cerezo Osaka,2019
Shota,Fujio,19,21,2001-05-02,2020-02-01,"Jan 31, 2023",0.007,18.75136612021858,19.64109589041096,S,S. Fujio,Cerezo Osaka,2019
Honoya,Shoji,23,6,NA,NA,NA,0.002,NA,NA,H,H. Shoji,Cerezo Osaka,2019
Taiyo,Koga,22,2969,1998-10-28,2017-02-01,"Jan 31, 2021",0.97,18.263013698630136,22.15068493150685,T,T. Koga,Kashiwa Reysol,2019
Michael,Olunga,26,2731,1994-03-26,2018-08-10,"Jan 31, 2023",0.892,24.375342465753423,26.742465753424657,M,M. Olunga,Kashiwa Reysol,2019
Ataru,Esaka,28,2691,1992-05-31,2018-01-06,"Jan 31, 2021",0.879,25.602739726027398,28.561643835616437,A,A. Esaka,Kashiwa Reysol,2019
Seung-gyu,Kim,30,2151,1990-09-30,2020-01-10,"Jan 31, 2021",0.703,29.278688524590162,30.22739726027397,S,S. Kim,Kashiwa Reysol,2019
Takuma,Ominami,23,1980,1997-12-13,2020-01-04,"Jan 31, 2021",0.647,22.060109289617486,23.024657534246575,T,T. Ominami,Kashiwa Reysol,2019
Masatoshi,Mihara,32,1915,1988-08-02,2020-02-01,"Jan 31, 2021",0.626,31.5,32.38904109589041,M,M. Mihara,Kashiwa Reysol,2019
NA,Richardson,29,1883,1991-08-17,2019-01-14,"Dec 31, 2021",0.615,27.410958904109588,29.34794520547945,,Richardson,Kashiwa Reysol,2019
Hidekazu,Otani,36,1685,1984-11-06,2003-02-01,"Jan 31, 2021",0.551,18.23835616438356,36.12602739726027,H,H. Otani,Kashiwa Reysol,2019
Hiromu,Mitsumaru,27,1628,1993-07-06,2020-01-04,"Jan 31, 2021",0.532,26.497267759562842,27.463013698630135,H,H. Mitsumaru,Kashiwa Reysol,2019
Hayato,Nakama,28,1553,1992-05-16,2020-01-04,"Jan 31, 2021",0.508,27.636612021857925,28.602739726027398,H,H. Nakama,Kashiwa Reysol,2019
Kengo,Kitazume,28,1365,1992-04-30,2020-01-04,"Jan 31, 2021",0.446,27.68032786885246,28.646575342465752,K,K. Kitazume,Kashiwa Reysol,2019
Tatsuya,Yamashita,33,1357,1987-11-07,2019-08-12,"Jan 31, 2021",0.443,31.76164383561644,33.12328767123287,T,T. Yamashita,Kashiwa Reysol,2019
NA,Cristiano,33,1273,1987-01-12,2016-06-26,"Dec 31, 2022",0.416,29.453551912568305,33.942622950819676,,Cristiano,Kashiwa Reysol,2019
Yusuke,Segawa,26,1187,1994-02-07,2018-01-09,"Jan 31, 2021",0.388,23.92054794520548,26.871584699453553,Y,Y. Segawa,Kashiwa Reysol,2019
Shunki,Takahashi,30,945,1990-05-04,2019-01-05,"Jan 31, 2021",0.309,28.673972602739727,30.635616438356166,S,S. Takahashi,Kashiwa Reysol,2019
Hiroto,Goya,26,901,1994-01-02,2020-02-01,"Jan 31, 2021",0.294,26.081967213114755,26.969945355191257,H,H. Goya,Kashiwa Reysol,2019
Kosuke,Nakamura,25,873,1995-02-27,2013-02-01,"Jan 31, 2021",0.285,17.92896174863388,25.816939890710383,K,K. Nakamura,Kashiwa Reysol,2019
Sachiro,Toshima,25,825,1995-09-26,2020-01-04,"Jan 31, 2021",0.27,24.273224043715846,25.23835616438356,S,S. Toshima,Kashiwa Reysol,2019
Yuta,Kamiya,23,821,1997-04-24,2020-02-01,"Jan 31, 2022",0.268,22.773224043715846,23.663013698630138,Y,Y. Kamiya,Kashiwa Reysol,2019
Jiro,Kamata,35,721,1985-07-28,2016-01-06,"Jan 31, 2021",0.236,30.442622950819672,35.4027397260274,J,J. Kamata,Kashiwa Reysol,2019
Yuji,Takahashi,27,649,1993-04-11,2020-01-04,"Jan 31, 2021",0.212,26.73224043715847,27.698630136986303,Y,Y. Takahashi,Kashiwa Reysol,2019
Naoki,Kawaguchi,26,545,1994-05-24,2020-02-01,"Jan 31, 2021",0.178,25.69125683060109,26.58082191780822,N,N. Kawaguchi,Kashiwa Reysol,2019
Yuta,Someya,34,351,1986-09-30,2019-01-07,"Jan 31, 2021",0.115,32.271232876712325,34.227397260273975,Y,Y. Someya,Kashiwa Reysol,2019
Matheus,Savio,23,247,1997-04-15,2020-01-04,"Dec 31, 2022",0.081,22.721311475409838,23.687671232876713,M,M. Savio,Kashiwa Reysol,2019
Yusuke,Kobayashi,26,188,1994-10-23,2013-02-01,"Jan 31, 2021",0.061,18.276712328767122,26.164383561643834,Y,Y. Kobayashi,Kashiwa Reysol,2019
Fumiya,Unoki,19,42,2001-07-04,2020-02-01,"Jan 31, 2023",0.014,18.579234972677597,19.46849315068493,F,F. Unoki,Kashiwa Reysol,2019
Haruhiko,Takimoto,23,36,1997-05-20,2016-02-01,"Jan 31, 2021",0.012,18.702185792349727,23.59178082191781,H,H. Takimoto,Kashiwa Reysol,2019
Mao,Hosoya,19,22,2001-09-07,2020-02-01,"Jan 31, 2023",0.007,18.401639344262296,19.29041095890411,M,M. Hosoya,Kashiwa Reysol,2019
Júnior,Santos,26,16,NA,NA,NA,0.005,NA,NA,J,J. Santos,Kashiwa Reysol,2019
Yuto,Yamada,20,11,2000-05-17,2019-02-01,"Jan 31, 2022",0.004,18.71232876712329,20.6,Y,Y. Yamada,Kashiwa Reysol,2019
Ryohei,Yamazaki,31,8,1989-03-14,2018-01-09,"Jan 31, 2021",0.003,28.824657534246576,31.775342465753425,R,R. Yamazaki,Kashiwa Reysol,2019
Masaaki,Higashiguchi,34,3060,1986-05-12,2014-01-01,"Jan 31, 2021",1,27.64109589041096,34.61369863013699,M,M. Higashiguchi,Gamba Osaka,2019
Ryu,Takao,24,2500,1996-11-09,2019-02-01,"Jan 31, 2021",0.817,22.23013698630137,24.117808219178084,R,R. Takao,Gamba Osaka,2019
Young-gwon,Kim,30,2478,1990-02-27,2019-01-26,"Jan 31, 2021",0.81,28.912328767123288,30.816939890710383,Y,Y. Kim,Gamba Osaka,2019
Shu,Kurata,32,2337,1988-11-23,2007-02-01,"Jan 31, 2021",0.764,18.19178082191781,32.07945205479452,S,S. Kurata,Gamba Osaka,2019
Yosuke,Ideguchi,24,2279,1996-08-23,2019-08-05,"Jan 31, 2021",0.745,22.95068493150685,24.33150684931507,Y,Y. Ideguchi,Gamba Osaka,2019
Takashi,Usami,28,2128,1992-05-06,2019-07-01,"Jan 31, 2021",0.695,27.153005464480874,28.63013698630137,T,T. Usami,Gamba Osaka,2019
Kosuke,Onose,27,2074,1993-04-22,2018-07-31,"Jan 31, 2023",0.678,25.273972602739725,27.66849315068493,K,K. Onose,Gamba Osaka,2019
Hiroki,Fujiharu,32,1962,1988-11-28,2011-02-01,"Jan 31, 2021",0.641,22.17808219178082,32.06575342465754,H,H. Fujiharu,Gamba Osaka,2019
Yuki,Yamamoto,23,1747,1997-11-06,2020-02-01,"Jan 31, 2021",0.571,22.237704918032787,23.126027397260273,Y,Y. Yamamoto,Gamba Osaka,2019
Yuya,Fukuda,21,1740,1999-04-04,2018-02-01,"Jan 31, 2021",0.569,18.83013698630137,21.71780821917808,Y,Y. Fukuda,Gamba Osaka,2019
Genta,Miura,25,1723,1995-03-01,2017-01-06,"Jan 31, 2021",0.563,21.852054794520548,25.81095890410959,G,G. Miura,Gamba Osaka,2019
NA,Patric,33,1686,1987-10-26,2020-01-06,"Jan 31, 2021",0.551,32.19672131147541,33.156164383561645,,Patric,Gamba Osaka,2019
Shinya,Yajima,26,1566,1994-01-18,2018-01-04,"Jan 31, 2021",0.512,23.96164383561644,26.92622950819672,S,S. Yajima,Gamba Osaka,2019
Gen,Shoji,28,1514,1992-12-11,2020-02-03,"Jan 31, 2025",0.495,27.147540983606557,28.03013698630137,G,G. Shoji,Gamba Osaka,2019
Kazuma,Watanabe,34,1177,1986-08-10,2018-08-13,"Jan 31, 2021",0.385,32.00821917808219,34.367123287671234,K,K. Watanabe,Gamba Osaka,2019
NA,Ademilson,26,1053,1994-01-09,2017-01-01,"Dec 31, 2022",0.344,22.97814207650273,26.950819672131146,,Ademilson,Gamba Osaka,2019
Shunya,Suganuma,30,801,1990-05-17,2018-01-04,"Jan 31, 2021",0.262,27.635616438356166,30.6,S,S. Suganuma,Gamba Osaka,2019
Yuji,Ono,28,458,1992-12-22,2020-01-06,"Jan 31, 2021",0.15,27.040983606557376,28,Y,Y. Ono,Gamba Osaka,2019
Kohei,Okuno,20,360,2000-04-03,2019-02-01,"Jan 31, 2021",0.118,18.832876712328765,20.720547945205478,K,K. Okuno,Gamba Osaka,2019
Yasuhito,Endo,40,362,NA,NA,NA,0.118,NA,NA,Y,Y. Endo,Gamba Osaka,2019
Shuhei,Kawasaki,19,261,2001-04-28,2020-02-01,"Jan 31, 2023",0.085,18.762295081967213,19.65205479452055,S,S. Kawasaki,Gamba Osaka,2019
Shoji,Toyama,18,91,2002-09-21,2020-02-01,"Jan 31, 2023",0.03,17.363387978142075,18.252054794520546,S,S. Toyama,Gamba Osaka,2019
Jae-suk,Oh,30,90,NA,NA,NA,0.029,NA,NA,J,J. Oh,Gamba Osaka,2019
Ryo,Shinzato,30,90,1990-07-02,2020-02-01,"Jan 31, 2021",0.029,29.584699453551913,30.473972602739725,R,R. Shinzato,Gamba Osaka,2019
Dai,Tsukamoto,19,87,2001-06-23,2020-02-01,"Jan 31, 2023",0.028,18.60928961748634,19.4986301369863,D,D. Tsukamoto,Gamba Osaka,2019
Riku,Matsuda,21,15,1999-05-03,2018-02-01,"Jan 31, 2021",0.005,18.75068493150685,21.638356164383563,R,R. Matsuda,Gamba Osaka,2019
Jiro,Nakamura,17,9,NA,NA,NA,0.003,NA,NA,J,J. Nakamura,Gamba Osaka,2019
Keisuke,Kurokawa,23,3,1997-04-13,2020-02-01,"Jan 31, 2021",0.001,22.80327868852459,23.693150684931506,K,K. Kurokawa,Gamba Osaka,2019
Ren,Shibamoto,21,1,1999-07-22,2018-02-01,"Jan 31, 2021",0,18.53150684931507,21.41917808219178,R,R. Shibamoto,Gamba Osaka,2019
Mitchell,Langerak,32,3060,1988-08-22,2018-01-14,"Jan 31, 2021",1,29.397260273972602,32.33424657534247,M,M. Langerak,Nagoya Grampus,2019
Shinnosuke,Nakatani,24,3060,1996-03-24,2018-07-16,"Jan 31, 2021",1,22.312328767123287,24.747945205479454,S,S. Nakatani,Nagoya Grampus,2019
Yuichi,Maruyama,31,3060,1989-06-16,2018-07-16,"Jan 31, 2021",1,29.08219178082192,31.517808219178082,Y,Y. Maruyama,Nagoya Grampus,2019
Sho,Inagaki,28,3036,1991-12-25,2020-01-04,"Jan 31, 2021",0.992,28.027322404371585,28.991803278688526,S,S. Inagaki,Nagoya Grampus,2019
NA,Mateus,26,2915,1994-09-11,2019-01-06,"Jan 1, 2022",0.953,24.32054794520548,26.279452054794522,,Mateus,Nagoya Grampus,2019
Yutaka,Yoshida,30,2491,1990-02-17,2019-01-13,"Jan 31, 2021",0.814,28.904109589041095,30.84426229508197,Y,Y. Yoshida,Nagoya Grampus,2019
Takuji,Yonemoto,30,2106,1990-12-03,2019-01-11,"Jan 31, 2021",0.688,28.106849315068494,30.052054794520547,T,T. Yonemoto,Nagoya Grampus,2019
Mu,Kanazaki,31,1909,1989-02-16,2020-03-25,"Jan 31, 2021",0.624,31.103825136612024,31.846994535519126,M,M. Kanazaki,Nagoya Grampus,2019
Naoki,Maeda,26,1766,1994-11-17,2018-07-19,"Jan 31, 2021",0.577,23.66849315068493,26.095890410958905,N,N. Maeda,Nagoya Grampus,2019
Hiroyuki,Abe,31,1758,1989-07-05,2020-01-04,"Jan 31, 2021",0.575,30.5,31.465753424657535,H,H. Abe,Nagoya Grampus,2019
Yuki,Soma,23,1720,1997-02-25,2019-02-01,"Jan 31, 2021",0.562,21.934246575342467,23.8224043715847,Y,Y. Soma,Nagoya Grampus,2019
Shumpei,Naruse,19,1682,2001-01-17,2019-02-01,"Jan 31, 2022",0.55,18.041095890410958,19.92896174863388,S,S. Naruse,Nagoya Grampus,2019
Jae-suk,Oh,30,1447,1990-01-04,2020-07-09,"Jan 31, 2022",0.473,30.510928961748633,30.96448087431694,J,J. Oh,Nagoya Grampus,2019
Gabriel,Xavier,27,1223,1993-07-15,2019-01-05,"Jan 1, 2022",0.4,25.476712328767125,27.438356164383563,G,G. Xavier,Nagoya Grampus,2019
João,Schmidt,27,892,1993-05-19,2019-02-06,"Jan 31, 2021",0.292,25.720547945205478,27.594520547945205,J,J. Schmidt,Nagoya Grampus,2019
Ryogo,Yamasaki,28,732,1992-09-20,2020-01-05,"Jan 31, 2021",0.239,27.292349726775956,28.254794520547946,R,R. Yamasaki,Nagoya Grampus,2019
Kosuke,Ota,33,378,1987-07-23,2019-07-02,"Jan 31, 2021",0.124,31.942465753424656,33.416438356164385,K,K. Ota,Nagoya Grampus,2019
Kazuya,Miyahara,24,164,1996-03-22,2019-02-01,"Jan 31, 2021",0.054,22.865753424657534,24.753424657534246,K,K. Miyahara,Nagoya Grampus,2019
Ryotaro,Ishida,19,163,2001-12-13,2020-02-01,"Jan 31, 2023",0.053,18.136612021857925,19.024657534246575,R,R. Ishida,Nagoya Grampus,2019
Yosuke,Akiyama,25,57,1995-04-13,2018-02-01,"Jan 31, 2021",0.019,22.805479452054794,25.693150684931506,Y,Y. Akiyama,Nagoya Grampus,2019
Ryota,Aoki,24,16,NA,NA,NA,0.005,NA,NA,R,R. Aoki,Nagoya Grampus,2019
NA,Valdo,28,2534,1992-02-10,2020-01-15,"Jan 31, 2021",0.828,27.92876712328767,28.863387978142075,,Valdo,Shimizu S-Pulse,2019
Kenta,Nishizawa,24,2422,1996-09-06,2019-02-01,"Jan 31, 2021",0.792,22.405479452054795,24.293150684931508,K,K. Nishizawa,Shimizu S-Pulse,2019
Carlinhos,Junior,26,2327,1994-08-08,2020-02-20,"Jan 1, 2023",0.76,25.53551912568306,26.372602739726027,C,C. Junior,Shimizu S-Pulse,2019
Yugo,Tatsuta,22,2307,1998-06-21,2017-02-01,"Jan 31, 2022",0.754,18.616438356164384,22.504109589041096,Y,Y. Tatsuta,Shimizu S-Pulse,2019
Renato,Augusto,28,2213,1992-01-29,2019-01-30,"Jan 31, 2021",0.723,27.002739726027396,28.896174863387976,R,R. Augusto,Shimizu S-Pulse,2019
Yusuke,Goto,27,2161,1993-04-23,2020-01-04,"Jan 31, 2021",0.706,26.69945355191257,27.665753424657535,Y,Y. Goto,Shimizu S-Pulse,2019
Ryo,Takeuchi,29,1884,1991-03-08,2009-02-01,"Jan 31, 2021",0.616,17.904109589041095,29.791780821917808,R,R. Takeuchi,Shimizu S-Pulse,2019
Shota,Kaneko,25,1716,1995-05-02,2014-02-01,"Jan 31, 2021",0.561,18.753424657534246,25.64109589041096,S,S. Kaneko,Shimizu S-Pulse,2019
Seok-ho,Hwang,31,1549,1989-06-27,2018-01-06,"Jan 31, 2021",0.506,28.528767123287672,31.487671232876714,S,S. Hwang,Shimizu S-Pulse,2019
Togo,Umeda,20,1530,2000-07-03,2019-02-01,"Jan 31, 2022",0.5,18.583561643835615,20.471232876712328,T,T. Umeda,Shimizu S-Pulse,2019
NA,Elsinho,31,1500,1989-11-30,2019-01-10,"Jan 31, 2021",0.49,29.112328767123287,31.06027397260274,,Elsinho,Shimizu S-Pulse,2019
Takuo,Okubo,31,1350,1989-09-18,2019-08-05,"Jan 31, 2021",0.441,29.87945205479452,31.26027397260274,T,T. Okubo,Shimizu S-Pulse,2019
Keita,Nakamura,27,1349,1993-06-30,2019-01-05,"Jan 31, 2021",0.441,25.517808219178082,27.47945205479452,K,K. Nakamura,Shimizu S-Pulse,2019
Yuito,Suzuki,19,1304,2001-10-25,2020-02-01,"Jan 31, 2023",0.426,18.270491803278688,19.15890410958904,Y,Y. Suzuki,Shimizu S-Pulse,2019
Ryo,Okui,30,1222,1990-03-07,2020-01-08,"Jan 31, 2021",0.399,29.838797814207652,30.794520547945204,R,R. Okui,Shimizu S-Pulse,2019
Júnior,Dutra,32,1100,1988-04-25,2019-07-31,"Jan 31, 2021",0.359,31.26502732240437,32.66027397260274,J,J. Dutra,Shimizu S-Pulse,2019
Takashi,Kanai,30,859,1990-02-05,2020-02-01,"Jan 31, 2021",0.281,29.98904109589041,30.87704918032787,T,T. Kanai,Shimizu S-Pulse,2019
Mitsunari,Musaka,29,759,1991-01-16,2013-02-01,"Jan 31, 2021",0.248,22.043835616438358,29.93169398907104,M,M. Musaka,Shimizu S-Pulse,2019
Teerasil,Dangda,32,704,1988-06-06,2020-01-31,"Jan 31, 2021",0.23,31.653005464480874,32.54520547945206,T,T. Dangda,Shimizu S-Pulse,2019
Yosuke,Kawai,31,634,1989-08-04,2012-02-01,"Jan 31, 2021",0.207,22.494535519125684,31.383561643835616,Y,Y. Kawai,Shimizu S-Pulse,2019
Makoto,Okazaki,22,545,NA,NA,NA,0.178,NA,NA,M,M. Okazaki,Shimizu S-Pulse,2019
Kota,Miyamoto,24,456,1996-06-26,2015-02-01,"Jan 31, 2021",0.149,18.602739726027398,24.49041095890411,K,K. Miyamoto,Shimizu S-Pulse,2019
Yasufumi,Nishimura,21,437,1999-11-04,2018-02-01,"Jan 31, 2021",0.143,18.243835616438357,21.13150684931507,Y,Y. Nishimura,Shimizu S-Pulse,2019
Hikaru,Naruoka,18,157,2002-07-28,NA,-,0.051,NA,18.4027397260274,H,H. Naruoka,Shimizu S-Pulse,2019
Riyo,Kawamoto,19,156,2001-06-11,2020-02-01,"Jan 31, 2023",0.051,18.64207650273224,19.53150684931507,R,R. Kawamoto,Shimizu S-Pulse,2019
Hideki,Ishige,26,119,1994-09-21,2012-03-30,"Jan 31, 2021",0.039,17.52185792349727,26.252054794520546,H,H. Ishige,Shimizu S-Pulse,2019
Neto,Volpi,28,90,1992-08-01,2020-01-23,"Jan 31, 2021",0.029,27.47814207650273,28.39178082191781,N,N. Volpi,Shimizu S-Pulse,2019
Yohei,Nishibe,40,90,1980-12-01,2016-01-01,"Jan 31, 2021",0.029,35.08469945355191,40.057534246575344,Y,Y. Nishibe,Shimizu S-Pulse,2019
Kazunori,Yoshimoto,32,73,1988-04-24,2019-07-29,"Jan 31, 2021",0.024,31.262295081967213,32.66301369863014,K,K. Yoshimoto,Shimizu S-Pulse,2019
Chong,Tese,36,26,NA,NA,NA,0.008,NA,NA,C,C. Tese,Shimizu S-Pulse,2019
Hayato,Araki,24,2970,1996-08-07,2019-02-01,"Jan 31, 2022",0.971,22.487671232876714,24.375342465753423,H,H. Araki,Sanfrecce Hiroshima,2019
Sho,Sasaki,31,2846,1989-10-02,2015-01-10,"Jan 31, 2021",0.93,25.273972602739725,31.221917808219178,S,S. Sasaki,Sanfrecce Hiroshima,2019
Hayao,Kawabe,25,2743,1995-09-08,2013-03-25,"Jan 31, 2023",0.896,17.542465753424658,25.28767123287671,H,H. Kawabe,Sanfrecce Hiroshima,2019
Yuki,Nogami,29,2506,1991-04-20,2016-07-11,"Jan 31, 2024",0.819,25.224657534246575,29.673972602739727,Y,Y. Nogami,Sanfrecce Hiroshima,2019
Tsukasa,Morishima,23,2428,1997-04-25,2016-02-01,"Jan 31, 2022",0.793,18.770491803278688,23.660273972602738,T,T. Morishima,Sanfrecce Hiroshima,2019
Toshihiro,Aoyama,34,2224,1986-02-22,2004-02-01,"Jan 31, 2021",0.727,17.942465753424656,34.830601092896174,T,T. Aoyama,Sanfrecce Hiroshima,2019
Leandro,Pereira,29,1832,1991-07-03,2019-08-04,"Jan 1, 2021",0.599,28.08743169398907,29.471232876712328,L,L. Pereira,Sanfrecce Hiroshima,2019
Douglas,Vieira,33,1786,1987-11-12,2019-01-05,"Jan 31, 2021",0.584,31.147945205479452,33.10958904109589,D,D. Vieira,Sanfrecce Hiroshima,2019
Shunki,Higashi,20,1778,2000-07-28,2018-09-02,"Jan 31, 2021",0.581,18.0986301369863,20.4027397260274,S,S. Higashi,Sanfrecce Hiroshima,2019
Yusuke,Chajima,29,1750,1991-07-20,2014-02-01,"Jan 31, 2021",0.572,22.536986301369865,29.424657534246574,Y,Y. Chajima,Sanfrecce Hiroshima,2019
Takuto,Hayashi,38,1710,1982-08-09,2014-01-05,"Jan 31, 2021",0.559,31.40821917808219,38.36986301369863,T,T. Hayashi,Sanfrecce Hiroshima,2019
Yuya,Asano,23,1678,1997-02-17,2019-08-15,"Jan 31, 2022",0.548,22.49041095890411,23.84426229508197,Y,Y. Asano,Sanfrecce Hiroshima,2019
Yoshifumi,Kashiwa,33,1391,1987-07-28,2014-01-06,"Jan 31, 2021",0.455,26.443835616438356,33.4027397260274,Y,Y. Kashiwa,Sanfrecce Hiroshima,2019
Keisuke,Osako,21,1350,1999-07-28,2018-02-01,"Jan 31, 2021",0.441,18.515068493150686,21.4027397260274,K,K. Osako,Sanfrecce Hiroshima,2019
NA,Rhayner,30,1054,1990-09-05,2020-02-01,"Jan 31, 2021",0.344,29.407103825136613,30.295890410958904,,Rhayner,Sanfrecce Hiroshima,2019
Akira,Ibayashi,30,581,1990-09-05,2019-01-05,"Jan 31, 2021",0.19,28.334246575342465,30.295890410958904,A,A. Ibayashi,Sanfrecce Hiroshima,2019
NA,Ezequiel,22,515,1998-03-09,2020-01-11,"Jan 1, 2022",0.168,21.84153005464481,22.78904109589041,,Ezequiel,Sanfrecce Hiroshima,2019
Kosei,Shibasaki,36,451,1984-08-28,2014-01-07,"Jan 31, 2021",0.147,29.361643835616437,36.31780821917808,K,K. Shibasaki,Sanfrecce Hiroshima,2019
Ryo,Nagai,29,444,1991-05-23,2020-01-04,"Jan 31, 2021",0.145,28.617486338797814,29.583561643835615,R,R. Nagai,Sanfrecce Hiroshima,2019
Kodai,Dohi,19,429,2001-04-13,2020-02-01,"Jan 31, 2023",0.14,18.80327868852459,19.693150684931506,K,K. Dohi,Sanfrecce Hiroshima,2019
Tomoya,Fujii,22,373,1998-12-04,2020-02-04,-,0.122,21.169398907103826,22.04931506849315,T,T. Fujii,Sanfrecce Hiroshima,2019
Gakuto,Notsuda,26,242,1994-06-06,2013-02-01,"Jan 31, 2021",0.079,18.65753424657534,26.545205479452054,G,G. Notsuda,Sanfrecce Hiroshima,2019
Kazuki,Kushibiki,27,180,1993-02-12,2020-02-01,"Jan 31, 2021",0.059,26.96986301369863,27.85792349726776,K,K. Kushibiki,Sanfrecce Hiroshima,2019
Hiroya,Matsumoto,20,182,2000-08-10,2018-09-02,"Jan 31, 2022",0.059,18.063013698630137,20.367123287671234,H,H. Matsumoto,Sanfrecce Hiroshima,2019
Kohei,Shimizu,31,178,1989-04-30,2020-02-01,"Jan 31, 2022",0.058,30.756830601092897,31.646575342465752,K,K. Shimizu,Sanfrecce Hiroshima,2019
Masato,Morishige,33,2520,1987-05-21,2010-01-04,"Jan 31, 2021",0.824,22.624657534246577,33.58904109589041,M,M. Morishige,FC Tokyo,2019
Tsuyoshi,Watanabe,23,2392,1997-02-05,2019-02-01,"Jan 31, 2022",0.782,21.98904109589041,23.87704918032787,T,T. Watanabe,FC Tokyo,2019
Ryoya,Ogawa,24,2390,1996-11-24,2015-02-01,"Jan 31, 2021",0.781,18.18904109589041,24.076712328767123,R,R. Ogawa,FC Tokyo,2019
Shuto,Abe,23,2131,1997-12-05,2020-02-01,"Jan 31, 2021",0.696,22.15846994535519,23.046575342465754,S,S. Abe,FC Tokyo,2019
NA,Leandro,27,2094,1993-05-12,2020-01-28,"Jan 31, 2021",0.684,26.71311475409836,27.613698630136987,,Leandro,FC Tokyo,2019
Akihiro,Hayashi,33,2070,1987-05-07,2017-01-06,"Jan 31, 2021",0.676,29.66849315068493,33.62739726027397,A,A. Hayashi,FC Tokyo,2019
Diego,Oliveira,30,2056,1990-06-22,2019-01-01,"Jan 31, 2021",0.672,28.528767123287672,30.5013698630137,D,D. Oliveira,FC Tokyo,2019
Arthur,Silva,25,1784,1995-04-26,2020-01-04,"Jan 31, 2021",0.583,24.69125683060109,25.65753424657534,A,A. Silva,FC Tokyo,2019
Hotaka,Nakamura,23,1669,1997-08-12,2020-02-01,"Jan 31, 2021",0.545,22.472677595628415,23.361643835616437,H,H. Nakamura,FC Tokyo,2019
Yojiro,Takahagi,34,1597,1986-08-02,2017-01-19,"Jan 31, 2022",0.522,30.465753424657535,34.38904109589041,Y,Y. Takahagi,FC Tokyo,2019
Kensuke,Nagai,31,1471,1989-03-05,2017-01-06,"Jan 31, 2021",0.481,27.84109589041096,31.8,K,K. Nagai,FC Tokyo,2019
NA,Adaílton,30,1448,1990-12-06,2020-01-04,"Jan 31, 2021",0.473,29.079234972677597,30.043835616438358,,Adaílton,FC Tokyo,2019
Hirotaka,Mita,30,1177,1990-09-14,2019-07-17,"Jan 31, 2021",0.385,28.838356164383562,30.27123287671233,H,H. Mita,FC Tokyo,2019
Takumi,Nakamura,19,1149,2001-03-16,2019-02-01,"Jan 31, 2022",0.375,17.882191780821916,19.76986301369863,T,T. Nakamura,FC Tokyo,2019
Takuya,Uchida,22,1065,1998-06-02,2017-02-01,"Jan 31, 2021",0.348,18.66849315068493,22.556164383561644,T,T. Uchida,FC Tokyo,2019
Kyosuke,Tagawa,21,903,1999-02-11,2019-01-14,"Jan 31, 2021",0.295,19.923287671232877,21.860655737704917,K,K. Tagawa,FC Tokyo,2019
Go,Hatano,22,900,1998-05-25,2017-02-01,"Jan 31, 2021",0.294,18.69041095890411,22.578082191780823,G,G. Hatano,FC Tokyo,2019
Joan,Oumari,32,879,1988-08-19,2020-01-10,"Jan 31, 2021",0.287,31.39344262295082,32.342465753424655,J,J. Oumari,FC Tokyo,2019
Manato,Shinada,21,778,1999-09-19,2018-02-01,"Jan 31, 2021",0.254,18.36986301369863,21.257534246575343,M,M. Shinada,FC Tokyo,2019
Sei,Muroya,26,773,NA,NA,NA,0.253,NA,NA,S,S. Muroya,FC Tokyo,2019
Taichi,Hara,21,626,1999-05-05,2018-02-01,"Jan 31, 2021",0.205,18.745205479452054,21.632876712328766,T,T. Hara,FC Tokyo,2019
Keigo,Higashi,30,458,1990-07-20,2013-02-01,"Jan 31, 2021",0.15,22.536986301369865,30.424657534246574,K,K. Higashi,FC Tokyo,2019
Kento,Hashimoto,27,299,NA,NA,NA,0.098,NA,NA,K,K. Hashimoto,FC Tokyo,2019
Seiji,Kimura,19,270,2001-08-24,2020-02-01,"Jan 31, 2023",0.088,18.439890710382514,19.328767123287673,S,S. Kimura,FC Tokyo,2019
Kazuya,Konno,23,214,1997-07-11,2020-02-01,"Jan 31, 2021",0.07,22.560109289617486,23.44931506849315,K,K. Konno,FC Tokyo,2019
Daiki,Niwa,34,180,1986-01-16,2018-07-18,"Jan 31, 2021",0.059,32.5013698630137,34.931693989071036,D,D. Niwa,FC Tokyo,2019
Kashif,Bangunagande,19,173,2001-09-24,2020-02-01,"Jan 31, 2023",0.057,18.3551912568306,19.243835616438357,K,K. Bangunagande,FC Tokyo,2019
Tsuyoshi,Kodama,32,90,1987-12-28,2019-01-04,"Jan 31, 2021",0.029,31.019178082191782,32.98360655737705,T,T. Kodama,FC Tokyo,2019
Kiichi,Yajima,25,54,1995-04-06,2018-02-01,"Jan 31, 2021",0.018,22.824657534246576,25.71232876712329,K,K. Yajima,FC Tokyo,2019
Sodai,Hasukawa,22,7,1998-06-27,2020-09-18,-,0.002,22.22739726027397,22.487671232876714,S,S. Hasukawa,FC Tokyo,2019
Rei,Hirakawa,20,5,2000-04-20,2017-11-01,"Jan 31, 2021",0.002,17.534246575342465,20.673972602739727,R,R. Hirakawa,FC Tokyo,2019
Takanori,Sugeno,36,2520,1984-05-03,2020-02-01,"Jan 31, 2021",0.824,35.74863387978142,36.63835616438356,T,T. Sugeno,Consadole Sapporo,2019
Yoshiaki,Komai,28,2504,1992-06-06,2019-02-01,"Jan 31, 2021",0.818,26.65753424657534,28.545205479452054,Y,Y. Komai,Consadole Sapporo,2019
Shunta,Tanaka,23,2435,1997-05-26,2020-02-01,"Jan 31, 2023",0.796,22.685792349726775,23.575342465753426,S,S. Tanaka,Consadole Sapporo,2019
Akito,Fukumori,28,2407,1992-12-16,2017-02-01,"Jan 31, 2022",0.787,24.12876712328767,28.016438356164382,A,A. Fukumori,Consadole Sapporo,2019
Hiroki,Miyazawa,31,2347,1989-06-28,2008-02-01,"Jan 31, 2022",0.767,18.595628415300546,31.484931506849314,H,H. Miyazawa,Consadole Sapporo,2019
Lucas,Fernandes,26,2299,1994-04-24,2020-01-06,"Jan 31, 2021",0.751,25.702185792349727,26.663013698630138,L,L. Fernandes,Consadole Sapporo,2019
Daiki,Suga,22,2225,1998-09-10,2017-02-01,"Jan 31, 2021",0.727,18.394520547945206,22.28219178082192,D,D. Suga,Consadole Sapporo,2019
Takuma,Arano,27,2099,1993-04-20,2012-02-01,"Jan 31, 2021",0.686,18.784153005464482,27.673972602739727,T,T. Arano,Consadole Sapporo,2019
Min-tae,Kim,27,1926,1993-11-26,2017-01-01,"Jan 31, 2021",0.629,23.0986301369863,27.07123287671233,M,M. Kim,Consadole Sapporo,2019
Tomoki,Takamine,22,1634,1997-12-29,2020-02-01,"Jan 31, 2021",0.534,22.092896174863387,22.98087431693989,T,T. Takamine,Consadole Sapporo,2019
Takuro,Kaneko,23,1500,1997-07-30,2020-02-01,"Jan 31, 2021",0.49,22.508196721311474,23.397260273972602,T,T. Kaneko,Consadole Sapporo,2019
Ryosuke,Shindo,24,1490,1996-06-07,2015-02-01,"Jan 31, 2021",0.487,18.654794520547945,24.542465753424658,R,R. Shindo,Consadole Sapporo,2019
Anderson,Lopes,27,1441,1993-09-15,2019-01-01,"Jan 31, 2021",0.471,25.295890410958904,27.268493150684932,A,A. Lopes,Consadole Sapporo,2019
Jay,Bothroyd,38,1345,1982-05-07,2017-07-01,"Jan 31, 2021",0.44,35.15068493150685,38.62739726027397,J,J. Bothroyd,Consadole Sapporo,2019
Chanathip,Songkrasin,27,1269,1993-10-05,2019-02-01,"Jan 31, 2025",0.415,25.326027397260273,27.213698630136985,C,C. Songkrasin,Consadole Sapporo,2019
Kazuki,Fukai,25,962,1995-03-11,2013-02-01,"Jan 31, 2021",0.314,17.895890410958906,25.783561643835615,K,K. Fukai,Consadole Sapporo,2019
NA,Douglas,25,916,1995-01-16,2020-02-02,"Jan 31, 2021",0.299,25.046448087431695,25.93169398907104,,Douglas,Consadole Sapporo,2019
Kosuke,Shirai,26,790,1994-05-01,2018-01-04,"Jan 31, 2021",0.258,23.67945205479452,26.643835616438356,K,K. Shirai,Consadole Sapporo,2019
Kojiro,Nakano,21,450,1999-03-05,2020-02-04,"Jan 31, 2021",0.147,20.918032786885245,21.8,K,K. Nakano,Consadole Sapporo,2019
Musashi,Suzuki,26,294,NA,NA,NA,0.096,NA,NA,M,M. Suzuki,Consadole Sapporo,2019
Tsuyoshi,Ogashiwa,22,237,1998-07-09,2020-07-21,-,0.077,22.03287671232877,22.454794520547946,T,T. Ogashiwa,Consadole Sapporo,2019
Ryota,Hayasaka,35,164,1985-09-19,2017-01-06,"Jan 31, 2021",0.054,31.2986301369863,35.25753424657534,R,R. Hayasaka,Consadole Sapporo,2019
Yoshihiro,Nakano,27,136,1993-02-24,2019-01-01,"Jan 31, 2022",0.044,25.852054794520548,27.825136612021858,Y,Y. Nakano,Consadole Sapporo,2019
Sung-yun,Gu,26,90,NA,NA,NA,0.029,NA,NA,S,S. Gu,Consadole Sapporo,2019
Hugo,Vieira,32,45,1988-07-25,2020-10-29,"Jan 31, 2021",0.015,32.26301369863014,32.41095890410959,H,H. Vieira,Consadole Sapporo,2019
Naoki,Ishikawa,35,19,1985-09-13,2017-07-30,"Jan 31, 2021",0.006,31.876712328767123,35.273972602739725,N,N. Ishikawa,Consadole Sapporo,2019
Riku,Danzaki,20,10,NA,NA,NA,0.003,NA,NA,R,R. Danzaki,Consadole Sapporo,2019
Yoshinori,Suzuki,28,2970,1992-09-11,2015-02-01,"Jan 31, 2021",0.971,22.39178082191781,28.279452054794522,Y,Y. Suzuki,Oita Trinita,2019
Yuto,Misao,29,2747,1991-04-16,2019-02-01,"Jan 31, 2020",0.898,27.797260273972604,29.684931506849313,Y,Y. Misao,Oita Trinita,2019
Tomoki,Iwata,23,2700,1997-04-07,2016-02-01,"Jan 31, 2022",0.882,18.81967213114754,23.70958904109589,T,T. Iwata,Oita Trinita,2019
Yushi,Hasegawa,24,2258,1996-12-06,2019-02-01,"Jan 31, 2021",0.738,22.156164383561645,24.043835616438358,Y,Y. Hasegawa,Oita Trinita,2019
Tatsuya,Tanaka,28,2178,1992-06-09,2019-07-10,"Jan 31, 2021",0.712,27.084699453551913,28.536986301369865,T,T. Tanaka,Oita Trinita,2019
Toshio,Shimakawa,30,2017,1990-05-28,2019-01-01,"Jan 31, 2021",0.659,28.5972602739726,30.56986301369863,T,T. Shimakawa,Oita Trinita,2019
Rei,Matsumoto,32,1596,1988-02-25,2015-02-01,"Jan 31, 2021",0.522,26.934246575342467,32.822404371584696,R,R. Matsumoto,Oita Trinita,2019
Kei,Chinen,25,1543,1995-03-17,2020-02-01,"Jan 31, 2021",0.504,24.87704918032787,25.767123287671232,K,K. Chinen,Oita Trinita,2019
Shun,Takagi,31,1530,1989-05-22,2017-01-04,"Jan 31, 2021",0.5,27.621917808219177,31.586301369863016,S,S. Takagi,Oita Trinita,2019
Kyung-gun,Mun,25,1530,1995-02-09,2017-08-03,"Jan 31, 2021",0.5,22.47945205479452,25.866120218579233,K,K. Mun,Oita Trinita,2019
Yuki,Kagawa,28,1239,1992-07-02,2020-01-04,"Jan 31, 2021",0.405,27.508196721311474,28.473972602739725,Y,Y. Kagawa,Oita Trinita,2019
Yuya,Takazawa,23,1154,1997-02-19,2020-01-06,"Jan 31, 2021",0.377,22.87945205479452,23.838797814207652,Y,Y. Takazawa,Oita Trinita,2019
Kohei,Isa,29,1042,1991-11-23,2014-02-01,"Jan 31, 2021",0.341,22.19178082191781,29.07945205479452,K,K. Isa,Oita Trinita,2019
Daiki,Watari,27,1024,1993-06-25,2020-01-04,"Jan 31, 2021",0.335,26.527322404371585,27.493150684931507,D,D. Watari,Oita Trinita,2019
Yamato,Machida,31,981,1989-12-19,2020-01-04,"Jan 31, 2021",0.321,30.043715846994534,31.008219178082193,Y,Y. Machida,Oita Trinita,2019
Naoki,Nomura,29,950,1991-04-17,2020-01-04,"Jan 31, 2021",0.31,28.715846994535518,29.682191780821917,N,N. Nomura,Oita Trinita,2019
Kazushi,Mitsuhira,32,890,1988-01-13,2015-01-08,"Jan 31, 2021",0.291,26.986301369863014,32.939890710382514,K,K. Mitsuhira,Oita Trinita,2019
Kento,Haneda,23,858,1997-07-07,2020-02-01,"Jan 31, 2021",0.28,22.57103825136612,23.46027397260274,K,K. Haneda,Oita Trinita,2019
Yuta,Koide,26,788,1994-10-20,2020-01-06,"Jan 31, 2021",0.258,25.21311475409836,26.172602739726027,Y,Y. Koide,Oita Trinita,2019
Yuki,Kobayashi,32,604,1988-10-18,2019-08-13,"Jan 31, 2021",0.197,30.81917808219178,32.178082191780824,Y,Y. Kobayashi,Oita Trinita,2019
Ryosuke,Tone,29,594,1991-10-29,2018-01-06,"Jan 31, 2021",0.194,26.18904109589041,29.147945205479452,R,R. Tone,Oita Trinita,2019
Yuji,Hoshi,28,550,1992-07-27,2018-01-06,"Jan 31, 2021",0.18,25.446575342465753,28.405479452054795,Y,Y. Hoshi,Oita Trinita,2019
Ryosuke,Maeda,26,492,1994-04-27,2019-02-01,"Jan 31, 2021",0.161,24.767123287671232,26.654794520547945,R,R. Maeda,Oita Trinita,2019
Kaoru,Takayama,32,490,1988-07-08,2019-01-01,"Jan 31, 2021",0.16,30.484931506849314,32.45753424657534,K,K. Takayama,Oita Trinita,2019
Kazuki,Kozuka,26,376,1994-08-02,2019-01-05,"Jan 31, 2021",0.123,24.427397260273974,26.389041095890413,K,K. Kozuka,Oita Trinita,2019
Kenta,Inoue,22,206,1998-07-23,2020-02-01,-,0.067,21.527322404371585,22.416438356164385,K,K. Inoue,Oita Trinita,2019
Kazuhiro,Sato,30,133,NA,NA,NA,0.043,NA,NA,K,K. Sato,Oita Trinita,2019
Kazuki,Fujimoto,22,103,1998-07-29,2020-06-10,-,0.034,21.866120218579233,22.4,K,K. Fujimoto,Oita Trinita,2019
Keita,Takahata,20,57,2000-09-16,2019-02-01,"Jan 31, 2022",0.019,18.378082191780823,20.265753424657536,K,K. Takahata,Oita Trinita,2019
Seigo,Kobayashi,26,47,1994-01-08,2019-02-01,"Jan 31, 2021",0.015,25.065753424657533,26.953551912568305,S,S. Kobayashi,Oita Trinita,2019
Keiya,Shiihashi,23,2754,1997-06-20,2016-02-01,"Jan 31, 2021",0.9,18.617486338797814,23.506849315068493,K,K. Shiihashi,Vegalta Sendai,2019
Jakub,Slowik,29,2430,1991-08-31,2019-07-02,"Jan 31, 2021",0.794,27.835616438356166,29.30958904109589,J,J. Slowik,Vegalta Sendai,2019
Yasuhiro,Hiraoka,34,2360,1986-05-23,2017-02-01,"Jan 31, 2021",0.771,30.695890410958903,34.583561643835615,Y,Y. Hiraoka,Vegalta Sendai,2019
Shun,Nagasawa,32,1936,1988-08-25,2019-02-01,"Jan 31, 2021",0.633,30.438356164383563,32.326027397260276,S,S. Nagasawa,Vegalta Sendai,2019
Kunimitsu,Sekiguchi,34,1881,1985-12-26,2018-04-10,"Jan 31, 2021",0.615,32.28767123287671,34.98907103825137,K,K. Sekiguchi,Vegalta Sendai,2019
Takuma,Hamasaki,27,1689,1993-02-17,2020-01-06,"Jan 31, 2021",0.552,26.884931506849316,27.84426229508197,T,T. Hamasaki,Vegalta Sendai,2019
Takahiro,Yanagi,23,1675,1997-08-05,2020-02-18,"Jan 31, 2021",0.547,22.538251366120218,23.38082191780822,T,T. Yanagi,Vegalta Sendai,2019
Takayoshi,Ishihara,28,1463,1992-12-17,2019-01-04,"Jan 31, 2021",0.478,26.04931506849315,28.013698630136986,T,T. Ishihara,Vegalta Sendai,2019
Alexandre,Guedes,26,1461,1994-02-11,2020-01-06,"Jan 1, 2021",0.477,25.9013698630137,26.860655737704917,A,A. Guedes,Vegalta Sendai,2019
Koji,Hachisuka,30,1398,1990-07-20,2013-02-01,"Jan 31, 2021",0.457,22.536986301369865,30.424657534246574,K,K. Hachisuka,Vegalta Sendai,2019
NA,Simão,32,1282,1988-06-23,2019-01-04,"Jan 31, 2021",0.419,30.534246575342465,32.4986301369863,,Simão,Vegalta Sendai,2019
Kyohei,Yoshino,26,1192,1994-11-08,2020-01-04,"Jan 31, 2021",0.39,25.15573770491803,26.12054794520548,K,K. Yoshino,Vegalta Sendai,2019
Takuma,Nishimura,24,1131,1996-10-22,2020-03-24,"Jan 1, 2021",0.37,23.420765027322403,24.167123287671235,T,T. Nishimura,Vegalta Sendai,2019
Jeong-ya,Kim,32,1083,1988-05-17,2018-01-06,"Jan 31, 2021",0.354,29.64109589041096,32.6,J,J. Kim,Vegalta Sendai,2019
Hiroto,Yamada,20,985,2000-03-07,2020-02-07,"Jan 31, 2021",0.322,19.920765027322403,20.794520547945204,H,H. Yamada,Vegalta Sendai,2019
Ryutaro,Iio,29,948,1991-01-30,2019-01-04,"Jan 31, 2021",0.31,27.92876712328767,29.89344262295082,R,R. Iio,Vegalta Sendai,2019
NA,Pará,25,946,1995-08-23,2020-01-06,"Jan 31, 2021",0.309,24.371584699453553,25.33150684931507,,Pará,Vegalta Sendai,2019
Ryohei,Michibuchi,26,876,NA,NA,NA,0.286,NA,NA,R,R. Michibuchi,Vegalta Sendai,2019
Isaac,Cuenca,29,780,1991-04-27,2020-01-04,"Jan 31, 2021",0.255,28.688524590163933,29.654794520547945,I,I. Cuenca,Vegalta Sendai,2019
Ryo,Germain,25,779,1995-04-19,2018-02-01,"Jan 31, 2021",0.255,22.78904109589041,25.676712328767124,R,R. Germain,Vegalta Sendai,2019
Yoshiki,Matsushita,26,770,1994-03-03,2019-01-04,"Jan 31, 2021",0.252,24.84109589041096,26.805479452054794,Y,Y. Matsushita,Vegalta Sendai,2019
Yuma,Obata,19,630,2001-11-07,2020-02-01,"Jan 31, 2023",0.206,18.23497267759563,19.123287671232877,Y,Y. Obata,Vegalta Sendai,2019
Takumi,Sasaki,22,584,1998-03-30,2016-02-01,"Jan 31, 2022",0.191,17.84153005464481,22.731506849315068,T,T. Sasaki,Vegalta Sendai,2019
Takumi,Mase,22,585,1998-05-03,2020-03-05,-,0.191,21.838797814207652,22.638356164383563,T,T. Mase,Vegalta Sendai,2019
Hisashi,Appiah,22,518,1998-10-18,2020-03-20,-,0.169,21.420765027322403,22.17808219178082,H,H. Appiah,Vegalta Sendai,2019
Shuhei,Akasaki,29,426,1991-09-01,2020-02-01,"Jan 31, 2021",0.139,28.418032786885245,29.306849315068494,S,S. Akasaki,Vegalta Sendai,2019
Shingo,Hyodo,35,321,1985-07-29,2019-01-05,"Jan 31, 2021",0.105,33.43835616438356,35.4,S,S. Hyodo,Vegalta Sendai,2019
Shogo,Nakahara,26,312,1994-05-19,2019-07-25,"Jan 31, 2021",0.102,25.183060109289617,26.594520547945205,S,S. Nakahara,Vegalta Sendai,2019
Hayato,Teruyama,20,285,2000-08-28,2019-02-01,"Jan 31, 2021",0.093,18.43013698630137,20.317808219178083,H,H. Teruyama,Vegalta Sendai,2019
Wataru,Tanaka,20,168,2000-09-23,2019-02-01,"Jan 31, 2021",0.055,18.35890410958904,20.246575342465754,W,W. Tanaka,Vegalta Sendai,2019
Takuya,Okamoto,28,2787,1992-06-18,2019-02-01,"Jan 31, 2021",0.911,26.624657534246577,28.512328767123286,T,T. Okamoto,Shonan Bellmare,2019
Daiki,Kaneko,22,2398,1998-08-28,2018-02-06,"Jan 31, 2021",0.784,19.443835616438356,22.317808219178083,D,D. Kaneko,Shonan Bellmare,2019
Hirokazu,Ishihara,21,2382,1999-02-26,2017-02-01,"Jan 31, 2022",0.778,17.93169398907104,21.81967213114754,H,H. Ishihara,Shonan Bellmare,2019
Mitsuki,Saito,21,2264,1999-01-10,2016-05-23,"Jan 31, 2023",0.74,17.366120218579233,21.94808743169399,M,M. Saito,Shonan Bellmare,2019
Kosei,Tani,20,2250,2000-11-22,2020-02-01,"Jan 31, 2021",0.735,19.193989071038253,20.08219178082192,K,K. Tani,Shonan Bellmare,2019
Kazunari,Ono,31,2203,1989-08-04,2018-02-01,"Jan 31, 2021",0.72,28.495890410958904,31.383561643835616,K,K. Ono,Shonan Bellmare,2019
Temma,Matsuda,25,2031,1995-06-11,2018-02-01,"Jan 31, 2022",0.664,22.643835616438356,25.53150684931507,T,T. Matsuda,Shonan Bellmare,2019
Naoki,Ishihara,36,1827,1984-08-14,2020-01-04,"Jan 31, 2021",0.597,35.39071038251366,36.35616438356164,N,N. Ishihara,Shonan Bellmare,2019
Akimi,Barada,29,1434,1991-05-30,2020-01-04,"Jan 31, 2021",0.469,28.598360655737704,29.564383561643837,A,A. Barada,Shonan Bellmare,2019
Keisuke,Saka,25,1419,1995-05-07,2018-02-01,"Jan 31, 2021",0.464,22.73972602739726,25.627397260273973,K,K. Saka,Shonan Bellmare,2019
Koki,Tachi,23,1392,1997-12-14,2020-02-01,"Jan 31, 2021",0.455,22.133879781420767,23.02191780821918,K,K. Tachi,Shonan Bellmare,2019
Kazuki,Oiwa,31,1198,1989-08-17,2020-01-04,"Jan 31, 2021",0.392,30.382513661202186,31.34794520547945,K,K. Oiwa,Shonan Bellmare,2019
Taiga,Hata,18,1171,2002-01-20,2020-02-01,"Jan 31, 2023",0.383,18.0327868852459,18.920765027322403,T,T. Hata,Shonan Bellmare,2019
Tarik,Elyounoussi,32,1067,1988-02-23,2020-01-09,"Jan 31, 2022",0.349,31.876712328767123,32.82786885245902,T,T. Elyounoussi,Shonan Bellmare,2019
Satoshi,Tanaka,18,959,2002-08-13,NA,-,0.313,NA,18.35890410958904,S,S. Tanaka,Shonan Bellmare,2019
Toichi,Suzuki,20,904,2000-05-30,2019-02-01,"Jan 31, 2021",0.295,18.676712328767124,20.564383561643837,T,T. Suzuki,Shonan Bellmare,2019
Hiroto,Nakagawa,26,855,1994-11-03,2020-02-01,"Jan 31, 2021",0.279,25.24590163934426,26.134246575342466,H,H. Nakagawa,Shonan Bellmare,2019
Shota,Kobayashi,29,791,1991-05-11,2019-01-05,"Jan 31, 2021",0.258,27.654794520547945,29.616438356164384,S,S. Kobayashi,Shonan Bellmare,2019
Naoki,Yamada,30,701,1990-07-04,2020-02-01,"Jan 31, 2021",0.229,29.579234972677597,30.46849315068493,N,N. Yamada,Shonan Bellmare,2019
Hiroshi,Ibusuki,29,628,1991-02-27,2019-01-01,"Jan 31, 2021",0.205,27.843835616438355,29.816939890710383,H,H. Ibusuki,Shonan Bellmare,2019
Yuto,Iwasaki,22,581,1998-06-11,2020-02-01,"Jan 31, 2021",0.19,21.64207650273224,22.53150684931507,Y,Y. Iwasaki,Shonan Bellmare,2019
Daiki,Tomii,31,540,1989-08-27,2018-01-06,"Jan 31, 2021",0.176,28.361643835616437,31.32054794520548,D,D. Tomii,Shonan Bellmare,2019
Sosuke,Shibata,19,491,2001-05-26,2019-02-01,"Jan 31, 2022",0.16,17.687671232876713,19.575342465753426,S,S. Shibata,Shonan Bellmare,2019
Kazuaki,Mawatari,29,416,1991-06-23,2020-02-01,"Jan 31, 2021",0.136,28.60928961748634,29.4986301369863,K,K. Mawatari,Shonan Bellmare,2019
Akito,Fukuta,28,286,NA,NA,NA,0.093,NA,NA,A,A. Fukuta,Shonan Bellmare,2019
Masaaki,Goto,26,270,1994-05-24,2017-02-01,"Jan 31, 2021",0.088,22.693150684931506,26.58082191780822,M,M. Goto,Shonan Bellmare,2019
Yuki,Ohashi,24,242,1996-07-27,2019-02-01,"Jan 31, 2021",0.079,22.517808219178082,24.405479452054795,Y,Y. Ohashi,Shonan Bellmare,2019
Hidetoshi,Miyuki,27,80,1993-05-23,2020-01-04,"Jan 31, 2021",0.026,26.617486338797814,27.583561643835615,H,H. Miyuki,Shonan Bellmare,2019
Tsukasa,Umesaki,33,27,1987-02-23,2018-01-06,"Jan 31, 2021",0.009,30.86849315068493,33.82786885245902,T,T. Umesaki,Shonan Bellmare,2019
Sho,Hiramatsu,22,23,1998-11-26,2020-06-24,-,0.008,21.57650273224044,22.07123287671233,S,S. Hiramatsu,Shonan Bellmare,2019
Ryo,Nemoto,20,21,2000-02-03,2020-03-27,-,0.007,20.1448087431694,20.882513661202186,R,R. Nemoto,Shonan Bellmare,2019
NA,Riuler,22,4,1998-01-25,2020-01-21,"Jan 31, 2021",0.001,21.98904109589041,22.907103825136613,,Riuler,Shonan Bellmare,2019
Tatsuki,Seko,23,2355,1997-12-22,2020-02-01,"Jan 31, 2021",0.77,22.112021857923498,23,T,T. Seko,Yokohama FC,2019
Yuki,Kobayashi,20,2234,2000-07-18,2020-02-01,"Jan 31, 2022",0.73,19.540983606557376,20.43013698630137,Y,Y. Kobayashi,Yokohama FC,2019
Yuji,Rokutan,33,1992,1987-04-10,2020-02-01,"Jan 31, 2021",0.651,32.81147540983606,33.701369863013696,Y,Y. Rokutan,Yokohama FC,2019
Kohei,Tezuka,24,1983,1996-04-06,2020-02-01,"Jan 31, 2021",0.648,23.8224043715847,24.71232876712329,K,K. Tezuka,Yokohama FC,2019
Yutaro,Hakamata,24,1958,1996-06-24,2019-02-01,"Jan 31, 2021",0.64,22.60821917808219,24.495890410958904,Y,Y. Hakamata,Yokohama FC,2019
Koki,Saito,19,1941,2001-08-10,2018-09-01,"Jan 31, 2021",0.634,17.06027397260274,19.367123287671234,K,K. Saito,Yokohama FC,2019
NA,Maguinho,28,1921,1992-01-06,2020-02-01,"Jan 31, 2021",0.628,28.07103825136612,28.959016393442624,,Maguinho,Yokohama FC,2019
Takuya,Matsuura,32,1860,1988-12-21,2019-01-01,"Jan 31, 2021",0.608,30.03013698630137,32.0027397260274,T,T. Matsuura,Yokohama FC,2019
Kazunari,Ichimi,23,1765,1997-11-10,2020-02-01,"Jan 31, 2021",0.577,22.226775956284154,23.115068493150684,K,K. Ichimi,Yokohama FC,2019
Yusuke,Matsuo,23,1517,1997-07-23,2020-02-01,"Jan 31, 2021",0.496,22.527322404371585,23.416438356164385,Y,Y. Matsuo,Yokohama FC,2019
Masahiko,Inoha,35,1466,1985-08-28,2019-02-18,"Jan 31, 2021",0.479,33.47671232876712,35.31780821917808,M,M. Inoha,Yokohama FC,2019
Takaaki,Shichi,26,1444,1993-12-27,2020-01-04,"Jan 31, 2021",0.472,26.02185792349727,26.98633879781421,T,T. Shichi,Yokohama FC,2019
Kensuke,Sato,31,1394,1989-01-19,2011-02-01,"Jan 31, 2021",0.456,22.035616438356165,31.92349726775956,K,K. Sato,Yokohama FC,2019
Masakazu,Tashiro,32,1375,1988-06-26,2019-02-01,"Jan 31, 2021",0.449,30.602739726027398,32.49041095890411,M,M. Tashiro,Yokohama FC,2019
Reo,Yasunaga,20,1199,2000-11-19,2019-02-01,"Jan 31, 2022",0.392,18.202739726027396,20.09041095890411,R,R. Yasunaga,Yokohama FC,2019
Kosuke,Saito,23,1152,1997-06-16,2016-02-01,"Jan 31, 2021",0.376,18.628415300546447,23.517808219178082,K,K. Saito,Yokohama FC,2019
Yusuke,Minagawa,29,1149,1991-10-09,2019-07-14,"Jan 31, 2021",0.375,27.76164383561644,29.202739726027396,Y,Y. Minagawa,Yokohama FC,2019
Yuta,Minami,41,1068,1979-09-30,2014-01-01,"Jan 31, 2021",0.349,34.25479452054795,41.227397260273975,Y,Y. Minami,Yokohama FC,2019
Yuji,Senuma,30,821,1990-09-01,2018-07-26,"Jan 31, 2021",0.268,27.898630136986302,30.306849315068494,Y,Y. Senuma,Yokohama FC,2019
Katsuhiro,Nakayama,24,743,1996-07-17,2019-02-01,"Jan 31, 2021",0.243,22.545205479452054,24.432876712328767,K,K. Nakayama,Yokohama FC,2019
Kyowaan,Hoshi,23,656,1997-06-25,2020-02-01,"Jan 31, 2021",0.214,22.603825136612024,23.493150684931507,K,K. Hoshi,Yokohama FC,2019
Calvin,Jong-A-Pin,34,405,1986-07-18,2017-01-01,"Jan 31, 2021",0.132,30.457534246575342,34.43013698630137,C,C. Jong-A-Pin,Yokohama FC,2019
Leandro,Domingues,37,255,1983-08-24,2017-07-01,"Jan 31, 2021",0.083,33.85205479452055,37.32876712328767,L,L. Domingues,Yokohama FC,2019
Eijiro,Takeda,32,240,1988-07-11,2018-01-06,"Jan 31, 2021",0.078,29.49041095890411,32.44931506849315,E,E. Takeda,Yokohama FC,2019
Shunsuke,Nakamura,42,240,1978-06-24,2019-07-11,"Jan 31, 2021",0.078,41.04644808743169,42.49589041095891,S,S. Nakamura,Yokohama FC,2019
Yuki,Kusano,24,205,1996-07-21,2019-02-01,"Jan 31, 2021",0.067,22.534246575342465,24.421917808219177,Y,Y. Kusano,Yokohama FC,2019
Ryuji,Sugimoto,27,127,1993-06-01,2020-08-10,"Jan 31, 2021",0.042,27.19178082191781,27.55890410958904,R,R. Sugimoto,Yokohama FC,2019
Daisuke,Matsui,39,83,NA,NA,NA,0.027,NA,NA,D,D. Matsui,Yokohama FC,2019
Kazuyoshi,Miura,53,67,1967-02-26,2005-07-01,"Jan 31, 2021",0.022,38.342465753424655,53.81967213114754,K,K. Miura,Yokohama FC,2019
Kakeru,Kumagawa,23,21,1997-04-02,2020-01-04,"Jan 31, 2021",0.007,22.756830601092897,23.723287671232878,K,K. Kumagawa,Yokohama FC,2019
Yasumasa,Kawasaki,28,9,NA,NA,NA,0.003,NA,NA,Y,Y. Kawasaki,Yokohama FC,2019
Ibba,Laajab,35,3,NA,NA,NA,0.001,NA,NA,I,I. Laajab,Yokohama FC,2019
Daiki,Matsuoka,19,2689,2001-06-01,2019-06-01,"Jan 31, 2022",0.879,18,19.55890410958904,D,D. Matsuoka,Sagan Tosu,2019
Tomoya,Koyamatsu,25,2474,1995-04-24,2020-01-04,"Jan 31, 2021",0.808,24.69672131147541,25.663013698630138,T,T. Koyamatsu,Sagan Tosu,2019
Ryoya,Morishita,23,2470,1997-04-11,2020-02-01,"Jan 31, 2021",0.807,22.80874316939891,23.698630136986303,R,R. Morishita,Sagan Tosu,2019
Teruki,Hara,22,2350,1998-07-30,2019-01-05,"Jan 31, 2021",0.768,20.435616438356163,22.397260273972602,T,T. Hara,Sagan Tosu,2019
Riki,Harakawa,27,2276,1993-08-18,2018-02-01,"Jan 31, 2021",0.744,24.457534246575342,27.345205479452055,R,R. Harakawa,Sagan Tosu,2019
Yuta,Higuchi,24,2133,1996-10-30,2019-02-01,"Jan 31, 2021",0.697,22.257534246575343,24.145205479452056,Y,Y. Higuchi,Sagan Tosu,2019
NA,Eduardo,27,1886,1993-04-27,2020-01-04,"Jan 31, 2021",0.616,26.688524590163933,27.654794520547945,,Eduardo,Sagan Tosu,2019
Yuto,Uchida,25,1644,1995-04-29,2020-01-04,"Jan 31, 2021",0.537,24.683060109289617,25.649315068493152,Y,Y. Uchida,Sagan Tosu,2019
Yohei,Takaoka,24,1440,NA,NA,NA,0.471,NA,NA,Y,Y. Takaoka,Sagan Tosu,2019
Daichi,Hayashi,23,1380,1997-05-23,2020-02-01,"Jan 31, 2021",0.451,22.693989071038253,23.583561643835615,D,D. Hayashi,Sagan Tosu,2019
Fuchi,Honda,19,1330,2001-05-10,2020-02-01,"Jan 31, 2023",0.435,18.729508196721312,19.61917808219178,F,F. Honda,Sagan Tosu,2019
Daiki,Miya,24,1172,1996-04-01,2020-02-01,"Jan 31, 2021",0.383,23.83606557377049,24.726027397260275,D,D. Miya,Sagan Tosu,2019
Kaisei,Ishii,20,995,2000-04-02,2019-02-01,"Jan 31, 2022",0.325,18.835616438356166,20.723287671232878,K,K. Ishii,Sagan Tosu,2019
Takeshi,Kanamori,26,922,1994-04-04,2020-02-01,"Jan 31, 2021",0.301,25.827868852459016,26.71780821917808,T,T. Kanamori,Sagan Tosu,2019
Il-kyu,Park,31,900,1989-12-22,2020-10-25,"Jan 31, 2021",0.294,30.84153005464481,31,I,I. Park,Sagan Tosu,2019
Shinya,Nakano,17,855,2003-08-17,NA,-,0.279,NA,17.34794520547945,S,S. Nakano,Sagan Tosu,2019
Dong-geon,Cho,34,831,1986-04-16,2017-02-09,"Jan 31, 2021",0.272,30.81917808219178,34.68493150684932,D,D. Cho,Sagan Tosu,2019
Yong-gi,Ryang,38,812,1982-01-07,2020-01-08,"Jan 31, 2021",0.265,38.00273224043716,38.95628415300546,Y,Y. Ryang,Sagan Tosu,2019
Ayumu,Ohata,19,785,2001-04-27,2020-02-01,"Jan 31, 2023",0.257,18.76502732240437,19.654794520547945,A,A. Ohata,Sagan Tosu,2019
Tatsuya,Morita,30,720,1990-08-03,2020-01-04,"Jan 31, 2021",0.235,29.420765027322403,30.386301369863013,T,T. Morita,Sagan Tosu,2019
Hideto,Takahashi,33,705,1987-10-17,2018-01-16,"Jan 31, 2021",0.23,30.24931506849315,33.18082191780822,H,H. Takahashi,Sagan Tosu,2019
Tiago,Alves,27,626,1993-01-12,2020-01-17,"Jan 31, 2021",0.205,27.01366120218579,27.942622950819672,T,T. Alves,Sagan Tosu,2019
Yohei,Toyoda,35,585,1985-04-11,2012-01-01,"Jan 31, 2021",0.191,26.724043715846996,35.6986301369863,Y,Y. Toyoda,Sagan Tosu,2019
Renzo,López,26,524,1994-04-16,2020-02-01,"Dec 31, 2020",0.171,25.795081967213115,26.684931506849313,R,R. López,Sagan Tosu,2019
Jeong-su,Park,26,380,1994-04-12,2019-07-01,"Jan 31, 2021",0.124,25.218579234972676,26.695890410958903,J,J. Park,Sagan Tosu,2019
Yong-woo,Ahn,29,289,1991-08-10,2017-07-22,"Jan 31, 2021",0.094,25.947945205479453,29.367123287671234,Y,Y. Ahn,Sagan Tosu,2019
Yoshiki,Takahashi,35,172,1985-05-14,2013-02-01,"Jan 31, 2021",0.056,27.720547945205478,35.608219178082194,Y,Y. Takahashi,Sagan Tosu,2019
Yuzo,Kobayashi,35,162,1985-11-15,2017-01-06,"Jan 31, 2021",0.053,31.14246575342466,35.1013698630137,Y,Y. Kobayashi,Sagan Tosu,2019
Keisuke,Iwashita,34,67,1986-09-24,2020-02-01,"Jan 31, 2021",0.022,33.3551912568306,34.24383561643835,K,K. Iwashita,Sagan Tosu,2019
Ryunosuke,Sagara,18,56,2002-08-17,NA,-,0.018,NA,18.34794520547945,R,R. Sagara,Sagan Tosu,2019
