,,,,,,,Playing Time,Playing Time,Playing Time,Performance,Performance,Performance,Performance,Performance,Performance,Per 90 Minutes,Per 90 Minutes,Per 90 Minutes,Per 90 Minutes,Per 90 Minutes,Expected,Expected,Expected,Per 90 Minutes,Per 90 Minutes,Per 90 Minutes,Per 90 Minutes,Per 90 Minutes,
Rk,Player,Nation,Pos,Squad,Age,Born,MP,Starts,Min,Gls,Ast,PK,PKatt,CrdY,CrdR,Gls,Ast,G+A,G-PK,G+A-PK,xG,npxG,xA,xG,xA,xG+xA,npxG,npxG+xA,Matches
1,Patrick van Aanholt\Patrick-van-Aanholt,nl NED,DF,Crystal Palace,28,1990,17,17,1444,2,0,1,1,0,0,0.12,0.00,0.12,0.06,0.06,1.5,0.8,0.9,0.09,0.06,0.15,0.05,0.10,Matches
2,Max Aarons\Max-Aarons,eng ENG,MF,Norwich City,19,2000,18,18,1620,0,0,0,0,4,0,0.00,0.00,0.00,0.00,0.00,0.3,0.3,2.9,0.02,0.16,0.18,0.02,0.18,Matches
3,Tammy Abraham\Tammy-Abraham,eng ENG,FW,Chelsea,21,1997,19,18,1493,12,3,0,0,2,0,0.72,0.18,0.90,0.72,0.90,9.0,9.0,2.1,0.54,0.12,0.67,0.54,0.67,Matches
4,Che Adams\Che-Adams,eng ENG,FW,Southampton,23,1996,15,8,634,0,0,0,0,0,0,0.00,0.00,0.00,0.00,0.00,1.5,1.5,0.3,0.21,0.04,0.25,0.21,0.25,Matches
5,Adrián\Adrian,es ESP,GK,Liverpool,32,1987,10,8,783,0,0,0,0,1,0,0.00,0.00,0.00,0.00,0.00,0.0,0.0,0.0,0.00,0.00,0.00,0.00,0.00,Matches
6,Sergio Agüero\Sergio-Aguero,ar ARG,FW,Manchester City,31,1988,15,11,908,10,2,2,2,0,0,0.99,0.20,1.19,0.79,0.99,8.1,6.6,2.1,0.81,0.21,1.02,0.66,0.87,Matches
7,Albian Ajeti\Albian-Ajeti,ch SUI,FW,West Ham,22,1997,7,0,121,0,0,0,0,0,0,0.00,0.00,0.00,0.00,0.00,0.1,0.1,0.1,0.04,0.04,0.08,0.04,0.08,Matches
8,Nathan Aké\Nathan-Ake,nl NED,DFMF,Bournemouth,24,1995,16,16,1385,1,1,0,0,1,0,0.06,0.06,0.13,0.06,0.13,1.0,1.0,0.6,0.06,0.04,0.10,0.06,0.10,Matches
9,Marc Albrighton\Marc-Albrighton,eng ENG,MF,Leicester City,29,1989,11,2,353,0,1,0,0,1,0,0.00,0.25,0.25,0.00,0.25,0.2,0.2,0.9,0.06,0.22,0.27,0.06,0.27,Matches
10,Toby Alderweireld\Toby-Alderweireld,be BEL,DF,Tottenham,30,1989,19,19,1710,0,2,0,0,3,0,0.00,0.11,0.11,0.00,0.11,0.4,0.4,0.8,0.02,0.04,0.07,0.02,0.07,Matches
11,Trent Alexander-Arnold\Trent-Alexander-Arnold,eng ENG,DFMF,Liverpool,20,1998,19,18,1663,2,8,0,0,4,0,0.11,0.43,0.54,0.11,0.54,1.6,1.6,6.3,0.08,0.34,0.42,0.08,0.42,Matches
12,Alisson\Alisson,br BRA,GK,Liverpool,26,1992,11,11,924,0,0,0,0,0,1,0.00,0.00,0.00,0.00,0.00,0.0,0.0,0.0,0.00,0.00,0.00,0.00,0.00,Matches
13,Dele Alli\Dele-Alli,eng ENG,MF,Tottenham,23,1996,13,12,1076,6,3,0,0,2,0,0.50,0.25,0.75,0.50,0.75,3.4,3.4,1.6,0.28,0.13,0.42,0.28,0.42,Matches
14,Miguel Almirón\Miguel-Almiron,py PAR,MF,Newcastle Utd,25,1994,19,19,1589,1,1,0,0,3,0,0.06,0.06,0.11,0.06,0.11,3.8,3.8,0.5,0.21,0.03,0.24,0.21,0.24,Matches
15,Marcos Alonso\Marcos-Alonso,es ESP,DF,Chelsea,28,1990,8,6,588,1,2,0,0,3,0,0.15,0.31,0.46,0.15,0.46,0.4,0.4,0.8,0.06,0.12,0.19,0.06,0.19,Matches
16,Steven Alzate\Steven-Alzate,co COL,MF,Brighton,20,1998,13,9,848,0,0,0,0,1,0,0.00,0.00,0.00,0.00,0.00,1.0,1.0,0.6,0.10,0.06,0.17,0.10,0.17,Matches
17,Ibrahim Amadou\Ibrahim-Amadou,fr FRA,DF,Norwich City,26,1993,10,8,731,0,0,0,0,1,0,0.00,0.00,0.00,0.00,0.00,1.0,1.0,0.1,0.12,0.01,0.13,0.12,0.13,Matches
18,Felipe Anderson\Felipe-Anderson,br BRA,FWMF,West Ham,26,1993,17,16,1189,0,4,0,0,1,0,0.00,0.30,0.30,0.00,0.30,1.6,1.6,2.8,0.12,0.21,0.33,0.12,0.33,Matches
19,Florin Andone\Florin-Andone,ro ROU,FW,Brighton,26,1993,3,1,71,1,0,0,0,0,1,1.27,0.00,1.27,1.27,1.27,0.2,0.2,0.0,0.19,0.05,0.24,0.19,0.24,Matches
20,Angeliño\Angelino,es ESP,DF,Manchester City,22,1997,6,4,422,0,0,0,0,1,0,0.00,0.00,0.00,0.00,0.00,0.2,0.2,1.2,0.05,0.25,0.30,0.05,0.30,Matches
21,Michail Antonio\Michail-Antonio,eng ENG,FWMF,West Ham,29,1990,9,5,551,1,1,0,0,0,0,0.16,0.16,0.33,0.16,0.33,2.3,2.3,1.0,0.38,0.16,0.54,0.38,0.54,Matches
22,Stuart Armstrong\Stuart-Armstrong,sco SCO,MF,Southampton,27,1992,14,5,541,0,0,0,0,1,0,0.00,0.00,0.00,0.00,0.00,0.5,0.5,0.2,0.09,0.04,0.13,0.09,0.13,Matches
23,Kepa Arrizabalaga\Kepa-Arrizabalaga,es ESP,GK,Chelsea,24,1994,20,20,1800,0,0,0,0,0,0,0.00,0.00,0.00,0.00,0.00,0.0,0.0,0.0,0.00,0.00,0.00,0.00,0.00,Matches
24,Christian Atsu\Christian-Atsu,gh GHA,FWMF,Newcastle Utd,27,1992,16,5,609,0,3,0,0,1,0,0.00,0.44,0.44,0.00,0.44,0.2,0.2,1.0,0.03,0.14,0.17,0.03,0.17,Matches
25,Pierre-Emerick Aubameyang\Pierre-Emerick-Aubameyang,ga GAB,FWMF,Arsenal,30,1989,20,20,1788,13,1,1,1,3,0,0.65,0.05,0.70,0.60,0.65,9.2,8.5,1.6,0.47,0.08,0.54,0.43,0.51,Matches
26,Serge Aurier\Serge-Aurier,ci CIV,DF,Tottenham,26,1992,15,15,1268,0,3,0,0,2,1,0.00,0.21,0.21,0.00,0.21,0.3,0.3,0.9,0.02,0.06,0.08,0.02,0.08,Matches
27,Jordan Ayew\Jordan-Ayew,gh GHA,FW,Crystal Palace,27,1991,19,19,1583,5,1,0,0,3,0,0.28,0.06,0.34,0.28,0.34,4.5,4.5,1.4,0.26,0.08,0.34,0.26,0.34,Matches
28,César Azpilicueta\Cesar-Azpilicueta,es ESP,DF,Chelsea,29,1989,18,18,1610,0,2,0,0,0,0,0.00,0.11,0.11,0.00,0.11,0.5,0.5,2.6,0.03,0.15,0.18,0.03,0.18,Matches
29,Leighton Baines\Leighton-Baines,eng ENG,DF,Everton,34,1984,3,1,153,0,0,0,0,0,0,0.00,0.00,0.00,0.00,0.00,0.1,0.1,0.1,0.03,0.08,0.11,0.03,0.11,Matches
30,Fabián Balbuena\Fabian-Balbuena,py PAR,DF,West Ham,27,1991,11,10,900,1,0,0,0,2,0,0.10,0.00,0.10,0.10,0.10,1.7,1.7,0.0,0.17,0.00,0.17,0.17,0.17,Matches
31,George Baldock\George-Baldock,eng ENG,DFMF,Sheffield Utd,26,1993,20,20,1800,2,3,0,0,4,0,0.10,0.15,0.25,0.10,0.25,0.5,0.5,1.5,0.02,0.08,0.10,0.02,0.10,Matches
32,Phil Bardsley\Phil-Bardsley,sco SCO,DF,Burnley,34,1985,8,8,720,0,0,0,0,2,0,0.00,0.00,0.00,0.00,0.00,0.1,0.1,0.3,0.01,0.03,0.04,0.01,0.04,Matches
33,Ross Barkley\Ross-Barkley,eng ENG,MF,Chelsea,25,1993,6,5,339,0,0,0,0,0,0,0.00,0.00,0.00,0.00,0.00,1.0,1.0,1.0,0.26,0.27,0.53,0.26,0.53,Matches
34,Ashley Barnes\Ashley-Barnes,at AUT,FW,Burnley,29,1989,18,16,1316,6,0,1,1,4,0,0.41,0.00,0.41,0.34,0.34,5.3,4.6,0.5,0.36,0.03,0.40,0.31,0.35,Matches
35,Harvey Barnes\Harvey-Barnes,eng ENG,MF,Leicester City,21,1997,19,13,1083,1,5,0,0,0,0,0.08,0.42,0.50,0.08,0.50,4.0,4.0,1.6,0.34,0.13,0.47,0.34,0.47,Matches
36,Chris Basham\Chris-Basham,eng ENG,DFMF,Sheffield Utd,31,1988,20,20,1746,0,0,0,0,4,0,0.00,0.00,0.00,0.00,0.00,0.4,0.4,0.6,0.02,0.03,0.05,0.02,0.05,Matches
37,Michy Batshuayi\Michy-Batshuayi,be BEL,FW,Chelsea,25,1993,12,0,118,1,1,0,0,0,0,0.76,0.76,1.53,0.76,1.53,1.6,1.6,0.2,1.25,0.12,1.38,1.25,1.38,Matches
38,Jan Bednarek\Jan-Bednarek,pl POL,DF,Southampton,23,1996,20,20,1798,0,0,0,0,1,0,0.00,0.00,0.00,0.00,0.00,0.6,0.6,0.1,0.03,0.00,0.03,0.03,0.03,Matches
39,Héctor Bellerín\Hector-Bellerin,es ESP,DF,Arsenal,24,1995,3,3,263,0,0,0,0,2,0,0.00,0.00,0.00,0.00,0.00,0.0,0.0,0.1,0.01,0.03,0.05,0.01,0.05,Matches
40,Ryan Bennett\Ryan-Bennett,eng ENG,DF,Wolves,29,1990,10,6,550,0,0,0,0,2,0,0.00,0.00,0.00,0.00,0.00,0.0,0.0,0.1,0.00,0.02,0.02,0.00,0.02,Matches
41,Christian Benteke\Christian-Benteke,be BEL,FW,Crystal Palace,28,1990,15,4,486,0,0,0,0,2,0,0.00,0.00,0.00,0.00,0.00,1.3,1.3,1.2,0.24,0.21,0.45,0.24,0.45,Matches
42,Jóhann Berg Guðmundsson\Johann-Berg-Gudmundsson,is ISL,FWMF,Burnley,28,1990,6,4,356,1,0,0,0,0,0,0.25,0.00,0.25,0.25,0.25,0.4,0.4,0.4,0.11,0.11,0.22,0.11,0.22,Matches
43,Bernard\Bernard,br BRA,FWMF,Everton,26,1992,12,8,656,2,1,0,0,2,0,0.27,0.14,0.41,0.27,0.41,0.3,0.3,0.6,0.04,0.08,0.12,0.04,0.12,Matches
44,Bernardo\Bernardo,br BRA,DF,Brighton,24,1995,4,2,143,0,0,0,0,0,0,0.00,0.00,0.00,0.00,0.00,0.0,0.0,0.1,0.02,0.09,0.10,0.02,0.10,Matches
45,Ryan Bertrand\Ryan-Bertrand,eng ENG,DFMF,Southampton,29,1989,15,14,1213,1,1,0,0,3,1,0.07,0.07,0.15,0.07,0.15,1.6,1.6,1.5,0.12,0.11,0.22,0.12,0.22,Matches
46,Muhamed Bešić\Muhamed-Besic,ba BIH,DFMF,Sheffield Utd,26,1992,5,1,121,0,0,0,0,0,0,0.00,0.00,0.00,0.00,0.00,0.1,0.1,0.1,0.06,0.06,0.11,0.06,0.11,Matches
47,Philip Billing\Philip-Billing,dk DEN,MF,Bournemouth,23,1996,19,18,1505,0,1,0,0,7,0,0.00,0.06,0.06,0.00,0.06,0.8,0.8,0.5,0.05,0.03,0.08,0.05,0.08,Matches
48,Yves Bissouma\Yves-Bissouma,ml MLI,MF,Brighton,22,1996,9,4,360,0,0,0,0,1,0,0.00,0.00,0.00,0.00,0.00,0.1,0.1,0.1,0.03,0.02,0.05,0.03,0.05,Matches
49,Willy Boly\Willy-Boly,fr FRA,DF,Wolves,28,1991,8,8,719,0,1,0,0,2,1,0.00,0.13,0.13,0.00,0.13,0.0,0.0,0.3,0.00,0.04,0.04,0.00,0.04,Matches
50,Gaëtan Bong\Gaetan-Bong,cm CMR,DF,Brighton,31,1988,4,0,56,0,0,0,0,0,0,0.00,0.00,0.00,0.00,0.00,0.0,0.0,0.1,0.00,0.21,0.21,0.00,0.21,Matches
51,Sofiane Boufal\Sofiane-Boufal,ma MAR,MF,Southampton,25,1993,14,5,561,0,2,0,0,2,0,0.00,0.32,0.32,0.00,0.32,0.8,0.8,2.2,0.13,0.35,0.48,0.13,0.48,Matches
52,Robbie Brady\Robbie-Brady,ie IRL,FWMF,Burnley,27,1992,12,4,351,1,2,0,0,1,0,0.26,0.51,0.77,0.26,0.77,0.9,0.9,0.2,0.24,0.05,0.29,0.24,0.29,Matches
53,Claudio Bravo\Claudio-Bravo,cl CHI,GK,Manchester City,36,1983,3,2,256,0,0,0,0,0,0,0.00,0.00,0.00,0.00,0.00,0.0,0.0,0.0,0.00,0.00,0.00,0.00,0.00,Matches
54,Emi Buendía\Emi-Buendia,ar ARG,FW,Norwich City,22,1996,20,17,1505,0,6,0,0,2,0,0.00,0.36,0.36,0.00,0.36,1.2,1.2,5.4,0.07,0.32,0.39,0.07,0.39,Matches
55,Dan Burn\Dan-Burn,eng ENG,DF,Brighton,27,1992,20,20,1800,0,0,0,0,3,0,0.00,0.00,0.00,0.00,0.00,0.7,0.7,1.0,0.04,0.05,0.09,0.04,0.09,Matches
56,Sam Byram\Sam-Byram,eng ENG,DFMF,Norwich City,25,1993,11,9,816,0,0,0,0,4,0,0.00,0.00,0.00,0.00,0.00,1.0,1.0,0.2,0.11,0.02,0.13,0.11,0.13,Matches
57,Gary Cahill\Gary-Cahill,eng ENG,DF,Crystal Palace,33,1985,12,12,1080,0,0,0,0,1,0,0.00,0.00,0.00,0.00,0.00,0.6,0.6,0.0,0.05,0.00,0.05,0.05,0.05,Matches
58,Dominic Calvert-Lewin\Dominic-Calvert-Lewin,eng ENG,MF,Everton,22,1997,18,13,1133,8,0,0,0,3,0,0.64,0.00,0.64,0.64,0.64,6.6,6.6,0.6,0.52,0.05,0.57,0.52,0.57,Matches
59,Víctor Camarasa\Victor-Camarasa,es ESP,MF,Crystal Palace,25,1994,1,0,5,0,0,0,0,0,0,0.00,0.00,0.00,0.00,0.00,0.0,0.0,0.0,0.00,0.00,0.00,0.00,0.00,Matches
60,João Cancelo\Joao-Cancelo,pt POR,DF,Manchester City,25,1994,6,4,396,0,0,0,0,1,0,0.00,0.00,0.00,0.00,0.00,0.2,0.2,0.6,0.04,0.13,0.17,0.04,0.17,Matches
61,Todd Cantwell\Todd-Cantwell,eng ENG,,Norwich City,21,1998,20,16,1378,5,2,0,0,2,0,0.33,0.13,0.46,0.33,0.46,4.5,4.5,1.8,0.29,0.12,0.41,0.29,0.41,Matches
62,Étienne Capoue\Etienne-Capoue,fr FRA,MF,Watford,31,1988,15,15,1330,0,1,0,0,5,0,0.00,0.07,0.07,0.00,0.07,0.6,0.6,1.1,0.04,0.07,0.11,0.04,0.11,Matches
63,Andy Carroll\Andy-Carroll,eng ENG,FW,Newcastle Utd,30,1989,12,4,497,0,3,0,0,1,0,0.00,0.54,0.54,0.00,0.54,0.5,0.5,1.6,0.08,0.28,0.37,0.08,0.37,Matches
64,Jonny Castro\Jonny-Castro,es ESP,DF,Wolves,25,1994,19,18,1613,1,1,0,0,4,0,0.06,0.06,0.11,0.06,0.11,1.0,1.0,0.8,0.06,0.04,0.10,0.06,0.10,Matches
65,Craig Cathcart\Craig-Cathcart,nir NIR,DF,Watford,30,1989,18,18,1545,0,0,0,0,4,0,0.00,0.00,0.00,0.00,0.00,0.1,0.1,0.1,0.00,0.00,0.01,0.00,0.01,Matches
66,Dani Ceballos\Dani-Ceballos,es ESP,MF,Arsenal,22,1996,11,7,664,0,2,0,0,0,0,0.00,0.27,0.27,0.00,0.27,0.3,0.3,0.7,0.05,0.09,0.13,0.05,0.13,Matches
67,Nathaniel Chalobah\Nathaniel-Chalobah,eng ENG,DFMF,Watford,24,1994,9,4,386,0,1,0,0,1,0,0.00,0.23,0.23,0.00,0.23,0.2,0.2,0.5,0.05,0.12,0.16,0.05,0.16,Matches
68,Calum Chambers\Calum-Chambers,eng ENG,DF,Arsenal,24,1995,14,13,1103,1,1,0,0,5,0,0.08,0.08,0.16,0.08,0.16,0.6,0.6,0.8,0.05,0.06,0.12,0.05,0.12,Matches
69,Ben Chilwell\Ben-Chilwell,eng ENG,DF,Leicester City,22,1996,16,16,1430,1,3,0,0,1,0,0.06,0.19,0.25,0.06,0.25,0.4,0.4,2.5,0.03,0.16,0.19,0.03,0.19,Matches
70,Tahith Chong\Tahith-Chong,nl NED,,Manchester Utd,19,1999,2,0,24,0,0,0,0,0,0,0.00,0.00,0.00,0.00,0.00,0.0,0.0,0.0,0.00,0.00,0.00,0.00,0.00,Matches
71,Hamza Choudhury\Hamza-Choudhury,eng ENG,MF,Leicester City,21,1997,11,5,446,0,1,0,0,2,0,0.00,0.20,0.20,0.00,0.20,0.3,0.3,0.1,0.05,0.01,0.06,0.05,0.06,Matches
72,Andreas Christensen\Andreas-Christensen,dk DEN,DF,Chelsea,23,1996,8,8,672,0,0,0,0,2,0,0.00,0.00,0.00,0.00,0.00,0.2,0.2,0.4,0.03,0.06,0.08,0.03,0.08,Matches
73,Ciaran Clark\Ciaran-Clark,ie IRL,DFMF,Newcastle Utd,29,1989,9,9,765,2,0,0,0,2,0,0.24,0.00,0.24,0.24,0.24,0.8,0.8,0.0,0.10,0.00,0.10,0.10,0.10,Matches
74,Leon Clarke\Leon-Clarke,eng ENG,FW,Sheffield Utd,34,1985,1,0,13,0,0,0,0,0,0,0.00,0.00,0.00,0.00,0.00,0.4,0.4,0.0,2.83,0.00,2.83,2.83,2.83,Matches
75,Tom Cleverley\Tom-Cleverley,eng ENG,MF,Watford,29,1989,9,8,647,1,0,0,0,0,0,0.14,0.00,0.14,0.14,0.14,1.5,1.5,0.4,0.20,0.06,0.26,0.20,0.26,Matches
76,Conor Coady\Conor-Coady,eng ENG,DFMF,Wolves,26,1993,20,20,1800,0,0,0,0,2,0,0.00,0.00,0.00,0.00,0.00,0.0,0.0,0.2,0.00,0.01,0.01,0.00,0.01,Matches
77,Séamus Coleman\Seamus-Coleman,ie IRL,DFMF,Everton,30,1988,12,10,890,0,1,0,0,5,1,0.00,0.10,0.10,0.00,0.10,0.5,0.5,0.5,0.05,0.05,0.10,0.05,0.10,Matches
78,Aaron Connolly\Aaron-Connolly,ie IRL,FW,Brighton,19,2000,13,8,676,2,0,0,0,0,0,0.27,0.00,0.27,0.27,0.27,2.2,2.2,0.1,0.29,0.01,0.30,0.29,0.30,Matches
79,Lewis Cook\Lewis-Cook,eng ENG,MF,Bournemouth,22,1997,14,8,707,0,0,0,0,2,0,0.00,0.00,0.00,0.00,0.00,0.2,0.2,0.7,0.02,0.09,0.11,0.02,0.11,Matches
80,Steve Cook\Steve-Cook,eng ENG,DFMF,Bournemouth,28,1991,16,16,1440,1,0,0,0,3,0,0.06,0.00,0.06,0.06,0.06,0.7,0.7,0.3,0.04,0.02,0.06,0.04,0.06,Matches
81,Jack Cork\Jack-Cork,eng ENG,DFMF,Burnley,30,1989,18,18,1558,0,0,0,0,0,0,0.00,0.00,0.00,0.00,0.00,1.2,1.2,0.4,0.07,0.02,0.09,0.07,0.09,Matches
82,Aaron Cresswell\Aaron-Cresswell,eng ENG,DF,West Ham,29,1989,13,13,1125,3,0,0,0,5,0,0.24,0.00,0.24,0.24,0.24,0.8,0.8,0.4,0.06,0.03,0.09,0.06,0.09,Matches
83,Patrick Cutrone\Patrick-Cutrone,it ITA,FW,Wolves,21,1998,12,3,292,2,0,0,0,0,0,0.62,0.00,0.62,0.62,0.62,2.3,2.3,0.0,0.71,0.01,0.73,0.71,0.73,Matches
84,Diogo Dalot\Diogo-Dalot,pt POR,DF,Manchester Utd,20,1999,1,1,60,0,0,0,0,0,0,0.00,0.00,0.00,0.00,0.00,0.0,0.0,0.0,0.00,0.00,0.00,0.00,0.00,Matches
85,Charlie Daniels\Charlie-Daniels,eng ENG,DF,Bournemouth,32,1986,2,2,127,0,0,0,0,0,0,0.00,0.00,0.00,0.00,0.00,0.0,0.0,0.1,0.00,0.05,0.05,0.00,0.05,Matches
86,Scott Dann\Scott-Dann,eng ENG,DF,Crystal Palace,32,1987,5,4,336,0,1,0,0,0,0,0.00,0.27,0.27,0.00,0.27,0.1,0.1,0.1,0.03,0.02,0.05,0.03,0.05,Matches
87,Kevin Danso\Kevin-Danso,at AUT,MF,Southampton,20,1998,6,3,275,0,1,0,0,2,1,0.00,0.33,0.33,0.00,0.33,0.1,0.1,0.2,0.03,0.06,0.09,0.03,0.09,Matches
88,Ben Davies\Ben-Davies,wal WAL,DF,Tottenham,26,1993,6,4,361,0,0,0,0,1,0,0.00,0.00,0.00,0.00,0.00,0.0,0.0,0.1,0.01,0.02,0.03,0.01,0.03,Matches
89,Tom Davies\Tom-Davies,eng ENG,MF,Everton,21,1998,14,10,918,1,0,0,0,5,0,0.10,0.00,0.10,0.10,0.10,1.4,1.4,0.1,0.14,0.01,0.15,0.14,0.15,Matches
90,Keinan Davis\Keinan-Davis,eng ENG,,Aston Villa,21,1998,6,0,74,0,0,0,0,0,0,0.00,0.00,0.00,0.00,0.00,0.5,0.5,0.0,0.63,0.05,0.68,0.63,0.68,Matches
91,Craig Dawson\Craig-Dawson,eng ENG,DF,Watford,29,1990,15,12,1099,0,0,0,0,3,0,0.00,0.00,0.00,0.00,0.00,0.8,0.8,0.0,0.07,0.00,0.07,0.07,0.07,Matches
92,Kevin De Bruyne\Kevin-De-Bruyne,be BEL,MF,Manchester City,28,1991,19,18,1564,7,12,0,0,2,0,0.40,0.69,1.09,0.40,1.09,4.1,4.1,10.3,0.24,0.59,0.83,0.24,0.83,Matches
93,Troy Deeney\Troy-Deeney,eng ENG,FW,Watford,31,1988,9,8,726,3,0,2,2,1,0,0.37,0.00,0.37,0.12,0.12,3.5,2.0,0.8,0.44,0.10,0.54,0.25,0.35,Matches
94,Fabian Delph\Fabian-Delph,eng ENG,MF,Everton,29,1989,10,8,749,0,0,0,0,2,0,0.00,0.00,0.00,0.00,0.00,0.0,0.0,0.2,0.01,0.02,0.03,0.01,0.03,Matches
95,Leander Dendoncker\Leander-Dendoncker,be BEL,MF,Wolves,24,1995,20,19,1639,1,0,0,0,2,0,0.05,0.00,0.05,0.05,0.05,1.1,1.1,0.1,0.06,0.00,0.06,0.06,0.06,Matches
96,Gerard Deulofeu\Gerard-Deulofeu,es ESP,FWMF,Watford,25,1994,20,17,1469,3,2,1,1,3,0,0.18,0.12,0.31,0.12,0.25,3.6,2.9,3.3,0.22,0.20,0.43,0.18,0.38,Matches
97,Eric Dier\Eric-Dier,eng ENG,DFMF,Tottenham,25,1994,9,7,611,0,1,0,0,4,0,0.00,0.15,0.15,0.00,0.15,0.9,0.9,0.1,0.14,0.01,0.15,0.14,0.15,Matches
98,Lucas Digne\Lucas-Digne,fr FRA,DF,Everton,26,1993,19,19,1620,0,3,0,0,2,0,0.00,0.17,0.17,0.00,0.17,0.8,0.8,3.0,0.04,0.17,0.21,0.04,0.21,Matches
99,Virgil van Dijk\Virgil-van-Dijk,nl NED,DF,Liverpool,28,1991,19,19,1710,3,0,0,0,1,0,0.16,0.00,0.16,0.16,0.16,0.9,0.9,0.5,0.04,0.02,0.07,0.04,0.07,Matches
100,Issa Diop\Issa-Diop,fr FRA,DF,West Ham,22,1997,15,14,1236,0,0,0,0,6,0,0.00,0.00,0.00,0.00,0.00,0.6,0.6,0.3,0.04,0.02,0.06,0.04,0.06,Matches
101,Moussa Djenepo\Moussa-Djenepo,ml MLI,MF,Southampton,21,1998,11,6,586,2,1,0,0,3,0,0.31,0.15,0.46,0.31,0.46,1.6,1.6,0.7,0.25,0.11,0.36,0.25,0.36,Matches
102,Matt Doherty\Matt-Doherty,ie IRL,DF,Wolves,27,1992,18,15,1340,3,0,0,0,1,0,0.20,0.00,0.20,0.20,0.20,2.9,2.9,0.4,0.20,0.02,0.22,0.20,0.22,Matches
103,Abdoulaye Doucouré\Abdoulaye-Doucoure,fr FRA,MF,Watford,26,1993,19,19,1655,1,0,0,0,5,0,0.05,0.00,0.05,0.05,0.05,2.7,2.7,1.3,0.15,0.07,0.22,0.15,0.22,Matches
104,Danny Drinkwater\Danny-Drinkwater,eng ENG,MF,Burnley,29,1990,1,1,59,0,0,0,0,0,0,0.00,0.00,0.00,0.00,0.00,0.0,0.0,0.0,0.00,0.00,0.00,0.00,0.00,Matches
105,Josip Drmić\Josip-Drmic,ch SUI,FW,Norwich City,26,1992,8,0,115,1,0,0,0,0,0,0.78,0.00,0.78,0.78,0.78,1.2,1.2,0.0,0.93,0.00,0.93,0.93,0.93,Matches
106,Martin Dúbravka\Martin-Dubravka,sk SVK,GK,Newcastle Utd,30,1989,20,20,1800,0,0,0,0,0,0,0.00,0.00,0.00,0.00,0.00,0.0,0.0,0.0,0.00,0.00,0.00,0.00,0.00,Matches
107,Shane Duffy\Shane-Duffy,ie IRL,DFMF,Brighton,27,1992,12,8,801,1,0,0,0,0,0,0.11,0.00,0.11,0.11,0.11,1.5,1.5,0.0,0.17,0.00,0.17,0.17,0.17,Matches
108,Paul Dummett\Paul-Dummett,wal WAL,DF,Newcastle Utd,27,1991,15,13,1216,0,0,0,0,2,0,0.00,0.00,0.00,0.00,0.00,0.0,0.0,0.1,0.00,0.01,0.01,0.00,0.01,Matches
109,Lewis Dunk\Lewis-Dunk,eng ENG,DF,Brighton,27,1991,18,18,1620,2,2,0,0,6,0,0.11,0.11,0.22,0.11,0.22,1.7,1.7,0.5,0.09,0.03,0.12,0.09,0.12,Matches
110,Ederson\Ederson,br BRA,GK,Manchester City,25,1993,18,18,1541,0,0,0,0,3,1,0.00,0.00,0.00,0.00,0.00,0.0,0.0,0.0,0.00,0.00,0.00,0.00,0.00,Matches
111,John Egan\John-Egan,ie IRL,DF,Sheffield Utd,26,1992,19,19,1699,0,0,0,0,2,0,0.00,0.00,0.00,0.00,0.00,0.6,0.6,0.0,0.03,0.00,0.03,0.03,0.03,Matches
112,Ahmed Elmohamady\Ahmed-Elmohamady,eg EGY,DFMF,Aston Villa,31,1987,10,6,611,0,1,0,0,0,0,0.00,0.15,0.15,0.00,0.15,0.2,0.2,1.2,0.04,0.17,0.21,0.04,0.21,Matches
113,Björn Engels\Bjorn-Engels,be BEL,DF,Aston Villa,24,1994,14,13,1222,0,0,0,0,1,0,0.00,0.00,0.00,0.00,0.00,0.3,0.3,0.0,0.02,0.00,0.02,0.02,0.02,Matches
114,Christian Eriksen\Christian-Eriksen,dk DEN,DFMF,Tottenham,27,1992,16,8,888,2,2,0,0,4,0,0.20,0.20,0.41,0.20,0.41,1.7,1.7,1.6,0.18,0.17,0.34,0.18,0.34,Matches
115,Jonny Evans\Jonny-Evans,nir NIR,DF,Leicester City,31,1988,20,20,1772,1,1,0,0,3,0,0.05,0.05,0.10,0.05,0.10,1.4,1.4,0.2,0.07,0.01,0.08,0.07,0.08,Matches
116,Łukasz Fabiański\Lukasz-Fabianski,pl POL,GK,West Ham,34,1985,8,8,664,0,0,0,0,1,0,0.00,0.00,0.00,0.00,0.00,0.0,0.0,0.0,0.00,0.00,0.00,0.00,0.00,Matches
117,Fabinho\Fabinho,br BRA,DF,Liverpool,25,1993,12,11,1006,1,1,0,0,5,0,0.09,0.09,0.18,0.09,0.18,0.1,0.1,0.9,0.01,0.08,0.10,0.01,0.10,Matches
118,Ralf Fährmann\Ralf-Fahrmann,de GER,GK,Norwich City,30,1988,1,1,22,0,0,0,0,0,0,0.00,0.00,0.00,0.00,0.00,0.0,0.0,0.0,0.00,0.00,0.00,0.00,0.00,Matches
119,Kiko Femenía\Kiko-Femenia,es ESP,FWMF,Watford,28,1991,16,14,1286,0,0,0,0,4,0,0.00,0.00,0.00,0.00,0.00,0.1,0.1,1.2,0.01,0.08,0.09,0.01,0.09,Matches
120,Federico Fernández\Federico-Fernandez,ar ARG,DF,Newcastle Utd,30,1989,14,11,1013,2,1,0,0,3,0,0.18,0.09,0.27,0.18,0.27,1.2,1.2,0.2,0.10,0.02,0.12,0.10,0.12,Matches
121,Fernandinho\Fernandinho,br BRA,MF,Manchester City,34,1985,16,15,1394,0,0,0,0,5,1,0.00,0.00,0.00,0.00,0.00,0.5,0.5,0.1,0.03,0.01,0.04,0.03,0.04,Matches
122,Roberto Firmino\Roberto-Firmino,br BRA,FWMF,Liverpool,27,1991,19,17,1540,6,4,0,0,0,0,0.35,0.23,0.58,0.35,0.58,6.4,6.4,3.2,0.37,0.19,0.56,0.37,0.56,Matches
123,John Fleck\John-Fleck,sco SCO,FWMF,Sheffield Utd,27,1991,17,17,1469,4,1,0,0,5,0,0.25,0.06,0.31,0.25,0.31,3.0,3.0,1.9,0.18,0.11,0.30,0.18,0.30,Matches
124,Phil Foden\Phil-Foden,eng ENG,MF,Manchester City,19,2000,10,1,149,0,1,0,0,0,0,0.00,0.60,0.60,0.00,0.60,0.3,0.3,0.2,0.16,0.14,0.29,0.16,0.29,Matches
125,Pablo Fornals\Pablo-Fornals,es ESP,MF,West Ham,23,1996,18,11,1017,1,3,0,0,1,0,0.09,0.27,0.35,0.09,0.35,1.4,1.4,1.4,0.12,0.13,0.25,0.12,0.25,Matches
126,Ben Foster\Ben-Foster,eng ENG,GK,Watford,36,1983,20,20,1800,0,0,0,0,0,0,0.00,0.00,0.00,0.00,0.00,0.1,0.1,0.0,0.00,0.00,0.00,0.00,0.00,Matches
127,Dimitri Foulquier\Dimitri-Foulquier,fr FRA,DF,Watford,26,1993,3,1,58,0,0,0,0,0,0,0.00,0.00,0.00,0.00,0.00,0.0,0.0,0.0,0.00,0.03,0.03,0.00,0.03,Matches
128,Juan Foyth\Juan-Foyth,ar ARG,DF,Tottenham,21,1998,4,1,65,0,0,0,0,1,0,0.00,0.00,0.00,0.00,0.00,0.0,0.0,0.0,0.00,0.03,0.03,0.00,0.03,Matches
129,Simon Francis\Simon-Francis,eng ENG,DF,Bournemouth,34,1985,8,4,368,0,0,0,0,3,1,0.00,0.00,0.00,0.00,0.00,0.1,0.1,0.0,0.03,0.01,0.04,0.03,0.04,Matches
130,Ryan Fraser\Ryan-Fraser,sco SCO,MF,Bournemouth,25,1994,19,14,1374,1,3,0,0,2,0,0.07,0.20,0.26,0.07,0.26,2.0,2.0,2.4,0.13,0.16,0.29,0.13,0.29,Matches
131,Fred\Fred,br BRA,FWMF,Manchester Utd,26,1993,16,13,1228,0,0,0,0,4,0,0.00,0.00,0.00,0.00,0.00,1.0,1.0,1.7,0.07,0.13,0.20,0.07,0.20,Matches
132,Ryan Fredericks\Ryan-Fredericks,eng ENG,DF,West Ham,26,1992,17,16,1448,0,1,0,0,5,0,0.00,0.06,0.06,0.00,0.06,0.0,0.0,1.2,0.00,0.07,0.07,0.00,0.07,Matches
133,Luke Freeman\Luke-Freeman,eng ENG,FWMF,Sheffield Utd,27,1992,9,3,322,0,0,0,0,2,0,0.00,0.00,0.00,0.00,0.00,0.0,0.0,0.3,0.01,0.08,0.09,0.01,0.09,Matches
134,Christian Fuchs\Christian-Fuchs,at AUT,DFMF,Leicester City,33,1986,5,4,364,0,0,0,0,0,0,0.00,0.00,0.00,0.00,0.00,0.1,0.1,0.1,0.03,0.02,0.04,0.03,0.04,Matches
135,Eric García\Eric-Garcia,es ESP,DF,Manchester City,18,2001,4,1,167,0,0,0,0,0,0,0.00,0.00,0.00,0.00,0.00,0.0,0.0,0.0,0.00,0.00,0.00,0.00,0.00,Matches
136,James Garner\James-Garner,eng ENG,MF,Manchester Utd,18,2001,1,0,8,0,0,0,0,0,0,0.00,0.00,0.00,0.00,0.00,0.0,0.0,0.0,0.00,0.00,0.00,0.00,0.00,Matches
137,Dwight Gayle\Dwight-Gayle,eng ENG,FW,Newcastle Utd,28,1990,8,1,151,0,0,0,0,0,0,0.00,0.00,0.00,0.00,0.00,0.8,0.8,0.0,0.45,0.00,0.45,0.45,0.45,Matches
138,Paulo Gazzaniga\Paulo-Gazzaniga,ar ARG,GK,Tottenham,27,1992,14,13,1252,0,0,0,0,1,0,0.00,0.00,0.00,0.00,0.00,0.0,0.0,0.4,0.00,0.03,0.03,0.00,0.03,Matches
139,Jean-Philippe Gbamin\Jean-Philippe-Gbamin,ci CIV,DF,Everton,23,1995,2,1,135,0,0,0,0,0,0,0.00,0.00,0.00,0.00,0.00,0.0,0.0,0.0,0.00,0.00,0.00,0.00,0.00,Matches
140,David de Gea\David-de-Gea,es ESP,GK,Manchester Utd,28,1990,20,20,1800,0,0,0,0,1,0,0.00,0.00,0.00,0.00,0.00,0.0,0.0,0.0,0.00,0.00,0.00,0.00,0.00,Matches
141,Anwar El Ghazi\Anwar-El-Ghazi,nl NED,FWMF,Aston Villa,24,1995,18,15,1231,3,4,0,0,2,0,0.22,0.29,0.51,0.22,0.51,4.1,4.1,2.1,0.30,0.15,0.45,0.30,0.45,Matches
142,Morgan Gibbs-White\Morgan-Gibbs-White,eng ENG,MF,Wolves,19,2000,3,1,120,0,0,0,0,0,0,0.00,0.00,0.00,0.00,0.00,0.1,0.1,0.1,0.06,0.07,0.13,0.06,0.13,Matches
143,Billy Gilmour\Billy-Gilmour,sco SCO,MF,Chelsea,18,2001,2,0,9,0,0,0,0,0,0,0.00,0.00,0.00,0.00,0.00,0.0,0.0,0.1,0.00,0.57,0.57,0.00,0.57,Matches
144,Olivier Giroud\Olivier-Giroud,fr FRA,FW,Chelsea,32,1986,5,2,191,0,0,0,0,0,0,0.00,0.00,0.00,0.00,0.00,0.6,0.6,0.5,0.28,0.25,0.53,0.28,0.53,Matches
145,Ben Godfrey\Ben-Godfrey,eng ENG,MF,Norwich City,21,1998,17,17,1490,0,0,0,0,1,0,0.00,0.00,0.00,0.00,0.00,0.4,0.4,0.0,0.02,0.00,0.02,0.02,0.02,Matches
146,André Gomes\Andre-Gomes,pt POR,MF,Everton,26,1993,8,7,585,0,0,0,0,3,0,0.00,0.00,0.00,0.00,0.00,0.2,0.2,0.4,0.03,0.06,0.09,0.03,0.09,Matches
147,Angel Gomes\Angel-Gomes,eng ENG,MF,Manchester Utd,18,2000,1,0,9,0,0,0,0,0,0,0.00,0.00,0.00,0.00,0.00,0.0,0.0,0.0,0.00,0.00,0.00,0.00,0.00,Matches
148,Joe Gomez\Joe-Gomez,eng ENG,DF,Liverpool,22,1997,10,5,466,0,0,0,0,2,0,0.00,0.00,0.00,0.00,0.00,0.0,0.0,0.1,0.00,0.03,0.03,0.00,0.03,Matches
149,Dan Gosling\Dan-Gosling,eng ENG,DFMF,Bournemouth,29,1990,7,4,396,2,0,0,0,1,0,0.45,0.00,0.45,0.45,0.45,1.1,1.1,0.1,0.24,0.03,0.27,0.24,0.27,Matches
150,Andre Gray\Andre-Gray,eng ENG,FW,Watford,28,1991,17,7,701,2,0,0,0,1,0,0.26,0.00,0.26,0.26,0.26,2.5,2.5,1.7,0.32,0.21,0.54,0.32,0.54,Matches
151,Demarai Gray\Demarai-Gray,eng ENG,MF,Leicester City,23,1996,12,2,361,1,1,0,1,1,0,0.25,0.25,0.50,0.25,0.50,1.6,0.8,0.7,0.39,0.17,0.57,0.20,0.38,Matches
152,Jack Grealish\Jack-Grealish,eng ENG,MF,Aston Villa,23,1995,18,18,1614,5,5,0,1,5,0,0.28,0.28,0.56,0.28,0.56,4.6,3.9,2.9,0.26,0.16,0.42,0.22,0.38,Matches
153,Mason Greenwood\Mason-Greenwood,eng ENG,MF,Manchester Utd,17,2001,15,2,364,3,0,0,0,0,0,0.74,0.00,0.74,0.74,0.74,1.6,1.6,0.2,0.39,0.05,0.44,0.39,0.44,Matches
154,Arnaut Groeneveld\Arnaut-Groeneveld,nl NED,MF,Bournemouth,22,1997,9,4,407,0,0,0,0,0,0,0.00,0.00,0.00,0.00,0.00,0.7,0.7,0.1,0.15,0.03,0.18,0.15,0.18,Matches
155,Pascal Groß\Pascal-Gross,de GER,MF,Brighton,28,1991,18,15,1244,1,4,0,0,2,0,0.07,0.29,0.36,0.07,0.36,1.2,1.2,4.0,0.09,0.29,0.38,0.09,0.38,Matches
156,Vicente Guaita\Vicente-Guaita,es ESP,GK,Crystal Palace,32,1987,18,18,1620,0,0,0,0,1,0,0.00,0.00,0.00,0.00,0.00,0.0,0.0,0.0,0.00,0.00,0.00,0.00,0.00,Matches
157,Mattéo Guendouzi\Matteo-Guendouzi,fr FRA,MF,Arsenal,20,1999,17,16,1405,0,1,0,0,5,0,0.00,0.06,0.06,0.00,0.06,0.6,0.6,1.1,0.04,0.07,0.10,0.04,0.10,Matches
158,Frederic Guilbert\Frederic-Guilbert,fr FRA,DF,Aston Villa,24,1994,16,14,1270,0,2,0,0,5,0,0.00,0.14,0.14,0.00,0.14,0.2,0.2,1.2,0.01,0.09,0.10,0.01,0.10,Matches
159,İlkay Gündoğan\Ilkay-Gundogan,de GER,MF,Manchester City,28,1990,18,12,1109,2,0,1,1,7,0,0.16,0.00,0.16,0.08,0.08,2.6,1.9,1.9,0.21,0.15,0.36,0.15,0.30,Matches
160,Angus Gunn\Angus-Gunn,eng ENG,GK,Southampton,23,1996,10,10,900,0,0,0,0,0,0,0.00,0.00,0.00,0.00,0.00,0.0,0.0,0.0,0.00,0.00,0.00,0.00,0.00,Matches
161,Sébastien Haller\Sebastien-Haller,fr FRA,FW,West Ham,25,1994,18,16,1403,5,1,0,0,1,0,0.32,0.06,0.38,0.32,0.38,5.0,5.0,0.9,0.32,0.06,0.38,0.32,0.38,Matches
162,Grant Hanley\Grant-Hanley,sco SCO,DF,Norwich City,27,1991,6,6,540,0,0,0,0,1,0,0.00,0.00,0.00,0.00,0.00,0.3,0.3,0.0,0.05,0.00,0.05,0.05,0.05,Matches
163,Kortney Hause\Kortney-Hause,eng ENG,DF,Aston Villa,24,1995,4,4,360,0,0,0,0,1,0,0.00,0.00,0.00,0.00,0.00,0.1,0.1,0.0,0.02,0.00,0.02,0.02,0.02,Matches
164,Isaac Hayden\Isaac-Hayden,eng ENG,DF,Newcastle Utd,24,1995,16,16,1366,0,1,0,0,3,1,0.00,0.07,0.07,0.00,0.07,0.3,0.3,1.3,0.02,0.08,0.11,0.02,0.11,Matches
165,Tom Heaton\Tom-Heaton,eng ENG,GK,Aston Villa,33,1986,19,19,1710,0,0,0,0,0,0,0.00,0.00,0.00,0.00,0.00,0.0,0.0,0.0,0.00,0.00,0.00,0.00,0.00,Matches
166,Dean Henderson\Dean-Henderson,eng ENG,GK,Sheffield Utd,22,1997,19,19,1710,0,0,0,0,2,0,0.00,0.00,0.00,0.00,0.00,0.0,0.0,0.0,0.00,0.00,0.00,0.00,0.00,Matches
167,Jordan Henderson\Jordan-Henderson,eng ENG,MF,Liverpool,29,1990,18,15,1263,1,2,0,0,1,0,0.07,0.14,0.21,0.07,0.21,0.5,0.5,1.4,0.04,0.10,0.13,0.04,0.13,Matches
168,Jeff Hendrick\Jeff-Hendrick,ie IRL,MF,Burnley,27,1992,16,14,1233,2,1,0,0,5,0,0.15,0.07,0.22,0.15,0.22,1.0,1.0,0.5,0.07,0.04,0.11,0.07,0.11,Matches
169,Wayne Hennessey\Wayne-Hennessey,wal WAL,GK,Crystal Palace,32,1987,2,2,180,0,0,0,0,0,0,0.00,0.00,0.00,0.00,0.00,0.0,0.0,0.0,0.00,0.00,0.00,0.00,0.00,Matches
170,Javier Hernández\Javier-Hernandez,mx MEX,FW,West Ham,31,1988,2,1,107,1,0,0,0,0,0,0.84,0.00,0.84,0.84,0.84,0.7,0.7,0.0,0.62,0.00,0.62,0.62,0.62,Matches
171,Onel Hernández\Onel-Hernandez,cu CUB,FW,Norwich City,26,1993,13,7,708,1,1,0,0,0,0,0.13,0.13,0.25,0.13,0.25,1.1,1.1,0.6,0.14,0.08,0.21,0.14,0.21,Matches
172,Son Heung-min\Son-Heung-min,kr KOR,FWMF,Tottenham,27,1992,16,15,1298,5,7,0,0,0,2,0.35,0.49,0.83,0.35,0.83,3.7,3.7,4.3,0.25,0.30,0.55,0.25,0.55,Matches
173,Rob Holding\Rob-Holding,eng ENG,DF,Arsenal,23,1995,1,1,77,0,0,0,0,0,0,0.00,0.00,0.00,0.00,0.00,0.0,0.0,0.0,0.00,0.00,0.00,0.00,0.00,Matches
174,José Holebas\Jose-Holebas,gr GRE,DFMF,Watford,35,1984,11,11,976,0,0,0,0,5,0,0.00,0.00,0.00,0.00,0.00,0.4,0.4,0.7,0.04,0.07,0.11,0.04,0.11,Matches
175,Mason Holgate\Mason-Holgate,eng ENG,DF,Everton,22,1996,13,11,1007,0,2,0,0,2,0,0.00,0.18,0.18,0.00,0.18,1.6,1.6,0.1,0.15,0.01,0.15,0.15,0.15,Matches
176,Nathan Holland\Nathan-Holland,eng ENG,FW,West Ham,21,1998,2,0,31,0,0,0,0,0,0,0.00,0.00,0.00,0.00,0.00,0.0,0.0,0.0,0.11,0.00,0.11,0.11,0.11,Matches
177,Conor Hourihane\Conor-Hourihane,ie IRL,MF,Aston Villa,28,1991,13,9,763,3,2,0,0,2,0,0.35,0.24,0.59,0.35,0.59,0.9,0.9,2.4,0.11,0.29,0.40,0.11,0.40,Matches
178,Callum Hudson-Odoi\Callum-Hudson-Odoi,eng ENG,MF,Chelsea,18,2000,12,3,386,0,3,0,0,1,0,0.00,0.70,0.70,0.00,0.70,1.0,1.0,1.0,0.23,0.24,0.47,0.23,0.47,Matches
179,Will Hughes\Will-Hughes,eng ENG,MF,Watford,24,1995,17,14,1162,1,1,0,0,3,0,0.08,0.08,0.15,0.08,0.15,2.1,2.1,0.6,0.16,0.05,0.21,0.16,0.21,Matches
180,Pierre Højbjerg\Pierre-Hojbjerg,dk DEN,MF,Southampton,23,1995,19,18,1637,0,1,0,0,4,0,0.00,0.05,0.05,0.00,0.05,1.6,1.6,1.4,0.09,0.08,0.17,0.09,0.17,Matches
181,Jordon Ibe\Jordon-Ibe,eng ENG,FWMF,Bournemouth,23,1995,2,0,48,0,0,0,0,0,0,0.00,0.00,0.00,0.00,0.00,0.0,0.0,0.0,0.00,0.00,0.00,0.00,0.00,Matches
182,Kelechi Iheanacho\Kelechi-Iheanacho,ng NGA,FW,Leicester City,22,1996,4,3,221,3,2,0,0,1,0,1.22,0.81,2.04,1.22,2.04,1.3,1.3,1.6,0.52,0.64,1.17,0.52,1.17,Matches
183,Danny Ings\Danny-Ings,eng ENG,FW,Southampton,27,1992,20,16,1371,12,1,0,0,1,0,0.79,0.07,0.85,0.79,0.85,8.3,8.3,1.2,0.55,0.08,0.63,0.55,0.63,Matches
184,Alex Iwobi\Alex-Iwobi,ng NGA,FW,Everton,23,1996,16,11,1045,1,0,0,0,0,0,0.09,0.00,0.09,0.09,0.09,2.0,2.0,1.8,0.17,0.15,0.33,0.17,0.33,Matches
185,Phil Jagielka\Phil-Jagielka,eng ENG,DFMF,Sheffield Utd,36,1982,4,1,128,0,0,0,0,0,0,0.00,0.00,0.00,0.00,0.00,0.0,0.0,0.0,0.00,0.00,0.00,0.00,0.00,Matches
186,Alireza Jahanbakhsh\Alireza-Jahanbakhsh,ir IRN,FWMF,Brighton,25,1993,2,1,106,1,0,0,0,0,0,0.85,0.00,0.85,0.85,0.85,0.2,0.2,0.0,0.13,0.00,0.13,0.13,0.13,Matches
187,Daniel James\Daniel-James,wal WAL,MF,Manchester Utd,21,1997,19,18,1579,3,6,0,0,3,0,0.17,0.34,0.51,0.17,0.51,2.4,2.4,3.8,0.14,0.22,0.36,0.14,0.36,Matches
188,Reece James\Reece-James,eng ENG,,Chelsea,19,1999,9,4,420,0,1,0,0,0,0,0.00,0.21,0.21,0.00,0.21,0.2,0.2,1.0,0.04,0.22,0.26,0.04,0.26,Matches
189,Daryl Janmaat\Daryl-Janmaat,nl NED,DF,Watford,30,1989,8,7,608,0,1,0,0,1,0,0.00,0.15,0.15,0.00,0.15,0.3,0.3,0.4,0.05,0.06,0.10,0.05,0.10,Matches
190,Gabriel Jesus\Gabriel-Jesus,br BRA,FW,Manchester City,22,1997,16,9,910,6,2,0,0,1,0,0.59,0.20,0.79,0.59,0.79,8.5,8.5,0.6,0.84,0.06,0.90,0.84,0.90,Matches
191,Raúl Jiménez\Raul-Jimenez,mx MEX,FW,Wolves,28,1991,20,19,1673,8,6,2,2,2,0,0.43,0.32,0.75,0.32,0.65,7.6,6.1,4.5,0.41,0.24,0.65,0.33,0.57,Matches
192,Joelinton\Joelinton,br BRA,FW,Newcastle Utd,22,1996,20,19,1523,1,2,0,0,4,0,0.06,0.12,0.18,0.06,0.18,2.7,2.7,2.1,0.16,0.12,0.28,0.16,0.28,Matches
193,Curtis Jones\Curtis-Jones,eng ENG,MF,Liverpool,18,2001,1,0,14,0,0,0,0,0,0,0.00,0.00,0.00,0.00,0.00,0.0,0.0,0.0,0.31,0.00,0.31,0.31,0.31,Matches
194,Phil Jones\Phil-Jones,eng ENG,DFMF,Manchester Utd,27,1992,1,1,45,0,0,0,0,0,0,0.00,0.00,0.00,0.00,0.00,0.0,0.0,0.0,0.00,0.00,0.00,0.00,0.00,Matches
195,Jorginho\Jorginho,it ITA,MF,Chelsea,27,1991,18,15,1337,2,2,1,1,8,0,0.13,0.13,0.27,0.07,0.20,1.9,1.2,1.7,0.13,0.12,0.25,0.08,0.19,Matches
196,Jota\Jota,es ESP,MF,Aston Villa,28,1991,8,4,313,0,1,0,0,0,0,0.00,0.29,0.29,0.00,0.29,0.1,0.1,0.6,0.04,0.18,0.21,0.04,0.21,Matches
197,Diogo Jota\Diogo-Jota,pt POR,MF,Wolves,22,1996,18,16,1371,3,0,0,0,3,0,0.20,0.00,0.20,0.20,0.20,5.3,5.3,1.7,0.34,0.11,0.46,0.34,0.46,Matches
198,James Justin\James-Justin,eng ENG,MF,Leicester City,21,1998,3,1,110,0,1,0,0,0,0,0.00,0.82,0.82,0.00,0.82,0.0,0.0,0.3,0.00,0.21,0.21,0.00,0.21,Matches
199,Christian Kabasele\Christian-Kabasele,be BEL,DF,Watford,28,1991,12,12,1054,0,1,0,0,3,1,0.00,0.09,0.09,0.00,0.09,0.4,0.4,0.3,0.03,0.03,0.06,0.03,0.06,Matches
200,Harry Kane\Harry-Kane,eng ENG,FW,Tottenham,26,1993,19,19,1705,11,2,2,2,2,0,0.58,0.11,0.69,0.48,0.58,6.8,5.3,1.7,0.36,0.09,0.45,0.28,0.37,Matches
201,N'Golo Kanté\NGolo-Kante,fr FRA,MF,Chelsea,28,1991,13,11,1034,3,0,0,0,3,0,0.26,0.00,0.26,0.26,0.26,1.2,1.2,1.6,0.11,0.14,0.25,0.11,0.25,Matches
202,Moise Kean\Moise-Kean,it ITA,FW,Everton,19,2000,15,3,433,0,1,0,0,0,0,0.00,0.21,0.21,0.00,0.21,2.2,2.2,0.5,0.46,0.11,0.56,0.46,0.56,Matches
203,Michael Keane\Michael-Keane,eng ENG,DF,Everton,26,1993,17,15,1369,1,0,0,0,0,0,0.07,0.00,0.07,0.07,0.07,1.2,1.2,0.2,0.08,0.01,0.09,0.08,0.09,Matches
204,Naby Keïta\Naby-Keita,gn GUI,MF,Liverpool,24,1995,5,2,197,1,1,0,0,0,0,0.46,0.46,0.91,0.46,0.91,0.6,0.6,0.7,0.28,0.34,0.62,0.28,0.62,Matches
205,Martin Kelly\Martin-Kelly,eng ENG,DFMF,Crystal Palace,29,1990,15,13,1225,0,1,0,0,0,0,0.00,0.07,0.07,0.00,0.07,0.1,0.1,0.8,0.01,0.06,0.07,0.01,0.07,Matches
206,Max Kilman\Max-Kilman,eng ENG,DF,Wolves,22,1997,2,2,180,0,0,0,0,0,0,0.00,0.00,0.00,0.00,0.00,0.0,0.0,0.0,0.00,0.00,0.00,0.00,0.00,Matches
207,Joshua King\Joshua-King,no NOR,FW,Bournemouth,27,1992,16,15,1311,3,2,1,1,0,0,0.21,0.14,0.34,0.14,0.27,3.9,3.2,1.9,0.27,0.13,0.40,0.22,0.35,Matches
208,Jonathan Kodjia\Jonathan-Kodjia,ci CIV,FW,Aston Villa,29,1989,5,0,92,0,0,0,0,1,0,0.00,0.00,0.00,0.00,0.00,0.0,0.0,0.0,0.00,0.00,0.00,0.00,0.00,Matches
209,Sead Kolašinac\Sead-Kolasinac,ba BIH,DFMF,Arsenal,26,1993,14,10,930,0,2,0,0,2,0,0.00,0.19,0.19,0.00,0.19,0.7,0.7,1.0,0.07,0.10,0.17,0.07,0.17,Matches
210,Ezri Konsa\Ezri-Konsa,eng ENG,FW,Aston Villa,21,1998,8,7,645,0,1,0,0,0,0,0.00,0.14,0.14,0.00,0.14,0.2,0.2,0.0,0.03,0.00,0.04,0.03,0.04,Matches
211,Cheikhou Kouyaté\Cheikhou-Kouyate,sn SEN,DFMF,Crystal Palace,29,1989,18,17,1421,1,0,0,0,1,0,0.06,0.00,0.06,0.06,0.06,1.3,1.3,0.5,0.09,0.03,0.12,0.09,0.12,Matches
212,Mateo Kovačić\Mateo-Kovacic,hr CRO,MF,Chelsea,25,1994,19,14,1314,1,3,0,0,5,0,0.07,0.21,0.27,0.07,0.27,0.6,0.6,1.5,0.04,0.10,0.14,0.04,0.14,Matches
213,Emil Krafth\Emil-Krafth,se SWE,DF,Newcastle Utd,24,1994,8,5,419,0,0,0,0,0,0,0.00,0.00,0.00,0.00,0.00,0.2,0.2,0.0,0.05,0.00,0.05,0.05,0.05,Matches
214,Tim Krul\Tim-Krul,nl NED,GK,Norwich City,31,1988,18,18,1620,0,0,0,0,3,0,0.00,0.00,0.00,0.00,0.00,0.0,0.0,0.0,0.00,0.00,0.00,0.00,0.00,Matches
215,Alexandre Lacazette\Alexandre-Lacazette,fr FRA,FW,Arsenal,28,1991,13,10,857,5,1,0,0,4,0,0.53,0.11,0.63,0.53,0.63,3.6,3.6,1.0,0.37,0.11,0.48,0.37,0.48,Matches
216,Adam Lallana\Adam-Lallana,eng ENG,FWMF,Liverpool,31,1988,9,3,281,1,1,0,0,1,0,0.32,0.32,0.64,0.32,0.64,1.0,1.0,0.4,0.32,0.11,0.43,0.32,0.43,Matches
217,Érik Lamela\Erik-Lamela,ar ARG,FWMF,Tottenham,27,1992,10,7,623,2,1,0,0,2,0,0.29,0.14,0.43,0.29,0.43,1.0,1.0,1.5,0.15,0.21,0.36,0.15,0.36,Matches
218,Tariq Lamptey\Tariq-Lamptey,eng ENG,MF,Chelsea,18,2000,1,0,31,0,0,0,0,0,0,0.00,0.00,0.00,0.00,0.00,0.0,0.0,0.1,0.00,0.39,0.39,0.00,0.39,Matches
219,Henri Lansbury\Henri-Lansbury,eng ENG,MF,Aston Villa,28,1990,8,2,178,0,0,0,0,0,0,0.00,0.00,0.00,0.00,0.00,0.1,0.1,0.1,0.05,0.03,0.08,0.05,0.08,Matches
220,Manuel Lanzini\Manuel-Lanzini,ar ARG,MF,West Ham,26,1993,13,8,834,0,2,0,0,0,0,0.00,0.22,0.22,0.00,0.22,1.3,1.3,1.7,0.14,0.19,0.33,0.14,0.33,Matches
221,Aymeric Laporte\Aymeric-Laporte,fr FRA,DF,Manchester City,25,1994,4,4,307,0,0,0,0,1,0,0.00,0.00,0.00,0.00,0.00,0.1,0.1,0.1,0.03,0.02,0.05,0.03,0.05,Matches
222,Jamaal Lascelles\Jamaal-Lascelles,eng ENG,DF,Newcastle Utd,25,1993,12,12,1002,1,0,0,0,1,0,0.09,0.00,0.09,0.09,0.09,0.3,0.3,0.1,0.02,0.01,0.04,0.02,0.04,Matches
223,Moritz Leitner\Moritz-Leitner,de GER,MF,Norwich City,26,1992,9,7,685,0,0,0,0,1,0,0.00,0.00,0.00,0.00,0.00,0.2,0.2,0.3,0.03,0.04,0.07,0.03,0.07,Matches
224,Florian Lejeune\Florian-Lejeune,fr FRA,DFMF,Newcastle Utd,28,1991,3,3,254,0,0,0,0,0,0,0.00,0.00,0.00,0.00,0.00,0.1,0.1,0.1,0.03,0.03,0.05,0.03,0.05,Matches
225,Aaron Lennon\Aaron-Lennon,eng ENG,FWMF,Burnley,32,1987,12,3,386,0,0,0,0,2,0,0.00,0.00,0.00,0.00,0.00,0.0,0.0,0.1,0.01,0.02,0.03,0.01,0.03,Matches
226,Bernd Leno\Bernd-Leno,de GER,GK,Arsenal,27,1992,20,20,1800,0,0,0,0,2,0,0.00,0.00,0.00,0.00,0.00,0.0,0.0,0.0,0.00,0.00,0.00,0.00,0.00,Matches
227,Jefferson Lerma\Jefferson-Lerma,co COL,MF,Bournemouth,24,1994,17,15,1408,0,1,0,0,8,0,0.00,0.06,0.06,0.00,0.06,0.4,0.4,0.8,0.03,0.05,0.08,0.03,0.08,Matches
228,Jamal Lewis\Jamal-Lewis,nir NIR,,Norwich City,21,1998,14,13,1155,0,0,0,0,2,0,0.00,0.00,0.00,0.00,0.00,0.1,0.1,0.4,0.01,0.03,0.04,0.01,0.04,Matches
229,Victor Lindelöf\Victor-Lindelof,se SWE,DF,Manchester Utd,25,1994,19,19,1710,1,0,0,0,3,0,0.05,0.00,0.05,0.05,0.05,0.3,0.3,0.4,0.02,0.02,0.03,0.02,0.03,Matches
230,Jesse Lingard\Jesse-Lingard,eng ENG,FWMF,Manchester Utd,26,1992,17,8,810,0,0,0,0,3,0,0.00,0.00,0.00,0.00,0.00,1.6,1.6,0.8,0.18,0.09,0.27,0.18,0.27,Matches
231,Hugo Lloris\Hugo-Lloris,fr FRA,GK,Tottenham,32,1986,7,7,548,0,0,0,0,0,0,0.00,0.00,0.00,0.00,0.00,0.0,0.0,0.0,0.00,0.00,0.00,0.00,0.00,Matches
232,Giovani Lo Celso\Giovani-Lo-Celso,ar ARG,MF,Tottenham,23,1996,10,2,268,0,0,0,0,0,0,0.00,0.00,0.00,0.00,0.00,0.2,0.2,0.2,0.08,0.06,0.14,0.08,0.14,Matches
233,Jürgen Locadia\Jurgen-Locadia,nl NED,FW,Brighton,25,1993,2,1,86,0,0,0,0,0,0,0.00,0.00,0.00,0.00,0.00,0.4,0.4,0.0,0.40,0.00,0.40,0.40,0.40,Matches
234,Kevin Long\Kevin-Long,ie IRL,DF,Burnley,28,1990,1,0,2,0,0,0,0,0,0,0.00,0.00,0.00,0.00,0.00,0.0,0.0,0.0,0.00,0.00,0.00,0.00,0.00,Matches
235,Shane Long\Shane-Long,ie IRL,FW,Southampton,32,1987,10,5,494,0,1,0,0,0,0,0.00,0.18,0.18,0.00,0.18,2.6,2.6,0.4,0.48,0.07,0.55,0.48,0.55,Matches
236,Matthew Longstaff\Matthew-Longstaff,eng ENG,MF,Newcastle Utd,19,2000,4,4,360,2,0,0,0,0,0,0.50,0.00,0.50,0.50,0.50,0.3,0.3,0.2,0.09,0.05,0.13,0.09,0.13,Matches
237,Sean Longstaff\Sean-Longstaff,eng ENG,MF,Newcastle Utd,21,1997,13,9,830,0,1,0,0,1,1,0.00,0.11,0.11,0.00,0.11,0.3,0.3,0.8,0.04,0.09,0.12,0.04,0.12,Matches
238,Dejan Lovren\Dejan-Lovren,hr CRO,DF,Liverpool,30,1989,8,8,670,0,1,0,0,1,0,0.00,0.13,0.13,0.00,0.13,0.3,0.3,0.4,0.05,0.05,0.10,0.05,0.10,Matches
239,Matthew Lowton\Matthew-Lowton,eng ENG,DF,Burnley,30,1989,12,12,1080,0,1,0,0,2,0,0.00,0.08,0.08,0.00,0.08,0.0,0.0,1.1,0.00,0.09,0.09,0.00,0.09,Matches
240,David Luiz\David-Luiz,br BRA,DFMF,Arsenal,32,1987,17,17,1530,2,0,0,0,4,0,0.12,0.00,0.12,0.12,0.12,1.4,1.4,0.3,0.08,0.02,0.10,0.08,0.10,Matches
241,Douglas Luiz\Douglas-Luiz,br BRA,MF,Aston Villa,21,1998,18,12,1143,2,0,0,0,2,0,0.16,0.00,0.16,0.16,0.16,0.9,0.9,0.5,0.07,0.04,0.11,0.07,0.11,Matches
242,John Lundstram\John-Lundstram,eng ENG,MF,Sheffield Utd,25,1994,19,19,1680,3,2,0,0,4,0,0.16,0.11,0.27,0.16,0.27,3.4,3.4,2.1,0.18,0.11,0.29,0.18,0.29,Matches
243,James Maddison\James-Maddison,eng ENG,MF,Leicester City,22,1996,19,18,1607,5,3,0,0,2,0,0.28,0.17,0.45,0.28,0.45,3.6,3.6,4.6,0.20,0.26,0.46,0.20,0.46,Matches
244,Harry Maguire\Harry-Maguire,eng ENG,DF,Manchester Utd,26,1993,20,20,1800,0,0,0,0,2,0,0.00,0.00,0.00,0.00,0.00,1.3,1.3,0.5,0.06,0.02,0.09,0.06,0.09,Matches
245,Riyad Mahrez\Riyad-Mahrez,dz ALG,FWMF,Manchester City,28,1991,16,10,905,5,5,0,0,0,0,0.50,0.50,0.99,0.50,0.99,2.9,2.9,4.3,0.28,0.42,0.71,0.28,0.71,Matches
246,Ainsley Maitland-Niles\Ainsley-Maitland-Niles,eng ENG,FWMF,Arsenal,21,1997,11,11,940,0,2,0,0,4,1,0.00,0.19,0.19,0.00,0.19,0.2,0.2,1.5,0.02,0.14,0.16,0.02,0.16,Matches
247,Sadio Mané\Sadio-Mane,sn SEN,FWMF,Liverpool,27,1992,18,17,1509,10,6,0,0,1,0,0.60,0.36,0.95,0.60,0.95,7.8,7.8,4.4,0.46,0.26,0.73,0.46,0.73,Matches
248,Javier Manquillo\Javier-Manquillo,es ESP,DF,Newcastle Utd,25,1994,10,8,755,0,1,0,0,2,0,0.00,0.12,0.12,0.00,0.12,0.0,0.0,0.1,0.00,0.01,0.01,0.00,0.01,Matches
249,Solly March\Solly-March,eng ENG,MF,Brighton,25,1994,8,6,601,0,1,0,0,1,0,0.00,0.15,0.15,0.00,0.15,0.3,0.3,0.5,0.04,0.07,0.12,0.04,0.12,Matches
250,Adrian Mariappa\Adrian-Mariappa,jm JAM,DF,Watford,32,1986,10,8,776,0,0,0,0,3,1,0.00,0.00,0.00,0.00,0.00,0.3,0.3,0.2,0.04,0.02,0.06,0.04,0.06,Matches
251,Anthony Martial\Anthony-Martial,fr FRA,FW,Manchester Utd,23,1995,14,13,1108,7,3,0,1,1,0,0.57,0.24,0.81,0.57,0.81,5.3,4.6,1.8,0.43,0.14,0.57,0.37,0.51,Matches
252,David Martin\David-Martin,eng ENG,GK,West Ham,33,1986,4,4,360,0,0,0,0,1,0,0.00,0.00,0.00,0.00,0.00,0.0,0.0,0.0,0.00,0.00,0.00,0.00,0.00,Matches
253,Martinelli\Martinelli,br BRA,MF,Arsenal,18,2001,10,3,366,1,0,0,0,1,0,0.25,0.00,0.25,0.25,0.25,0.8,0.8,0.2,0.19,0.05,0.24,0.19,0.24,Matches
254,Adam Masina\Adam-Masina,it ITA,DF,Watford,25,1994,8,5,485,0,0,0,0,2,0,0.00,0.00,0.00,0.00,0.00,0.0,0.0,0.1,0.01,0.02,0.03,0.01,0.03,Matches
255,Arthur Masuaku\Arthur-Masuaku,cd COD,DF,West Ham,25,1993,8,6,562,0,1,0,0,4,1,0.00,0.16,0.16,0.00,0.16,0.1,0.1,0.9,0.01,0.15,0.16,0.01,0.16,Matches
256,Juan Mata\Juan-Mata,es ESP,FWMF,Manchester Utd,31,1988,11,5,422,0,0,0,0,1,0,0.00,0.00,0.00,0.00,0.00,0.9,0.9,0.7,0.19,0.16,0.35,0.19,0.35,Matches
257,Nemanja Matić\Nemanja-Matic,rs SRB,MF,Manchester Utd,30,1988,4,3,250,0,0,0,0,0,0,0.00,0.00,0.00,0.00,0.00,0.1,0.1,0.0,0.04,0.00,0.04,0.04,0.04,Matches
258,Joël Matip\Joel-Matip,cm CMR,DFMF,Liverpool,27,1991,7,7,630,1,0,0,0,0,0,0.14,0.00,0.14,0.14,0.14,0.2,0.2,0.0,0.03,0.00,0.03,0.03,0.03,Matches
259,Neal Maupay\Neal-Maupay,fr FRA,FWMF,Brighton,22,1996,20,16,1451,7,1,1,1,1,0,0.43,0.06,0.50,0.37,0.43,7.4,6.6,1.5,0.46,0.09,0.55,0.41,0.50,Matches
260,James McArthur\James-McArthur,sco SCO,MF,Crystal Palace,31,1987,19,19,1648,0,2,0,0,3,0,0.00,0.11,0.11,0.00,0.11,1.5,1.5,1.2,0.08,0.06,0.15,0.08,0.15,Matches
261,Oliver McBurnie\Oliver-McBurnie,sco SCO,FW,Sheffield Utd,23,1996,18,8,786,3,0,0,0,2,0,0.34,0.00,0.34,0.34,0.34,2.7,2.7,0.4,0.31,0.05,0.36,0.31,0.36,Matches
262,Alex McCarthy\Alex-McCarthy,eng ENG,GK,Southampton,29,1989,10,10,900,0,0,0,0,0,0,0.00,0.00,0.00,0.00,0.00,0.0,0.0,0.0,0.00,0.00,0.00,0.00,0.00,Matches
263,James McCarthy\James-McCarthy,ie IRL,MF,Crystal Palace,28,1990,15,3,439,0,0,0,0,3,0,0.00,0.00,0.00,0.00,0.00,0.2,0.2,0.2,0.05,0.03,0.08,0.05,0.08,Matches
264,John McGinn\John-McGinn,sco SCO,MF,Aston Villa,24,1994,18,18,1538,3,2,0,0,2,0,0.18,0.12,0.29,0.18,0.29,2.7,2.7,1.9,0.16,0.11,0.27,0.16,0.27,Matches
265,David McGoldrick\David-McGoldrick,ie IRL,FW,Sheffield Utd,31,1987,17,14,1200,0,2,0,0,2,0,0.00,0.15,0.15,0.00,0.15,5.5,5.5,1.3,0.41,0.09,0.51,0.41,0.51,Matches
266,Michael McGovern\Michael-McGovern,nir NIR,GK,Norwich City,35,1984,2,1,158,0,0,0,0,0,0,0.00,0.00,0.00,0.00,0.00,0.0,0.0,0.0,0.00,0.00,0.00,0.00,0.00,Matches
267,Kenny McLean\Kenny-McLean,sco SCO,MF,Norwich City,27,1992,19,16,1479,1,1,0,0,4,0,0.06,0.06,0.12,0.06,0.12,1.0,1.0,1.3,0.06,0.08,0.14,0.06,0.14,Matches
268,Dwight McNeil\Dwight-McNeil,eng ENG,MF,Burnley,19,1999,20,20,1725,1,4,0,0,3,0,0.05,0.21,0.26,0.05,0.26,0.9,0.9,3.1,0.05,0.16,0.21,0.05,0.21,Matches
269,Scott McTominay\Scott-McTominay,sco SCO,MF,Manchester Utd,22,1996,17,17,1454,2,1,0,0,2,0,0.12,0.06,0.19,0.12,0.19,1.4,1.4,0.7,0.08,0.04,0.12,0.08,0.12,Matches
270,Ben Mee\Ben-Mee,eng ENG,DF,Burnley,29,1989,20,20,1800,0,0,0,0,3,0,0.00,0.00,0.00,0.00,0.00,0.5,0.5,0.1,0.03,0.01,0.03,0.03,0.03,Matches
271,Benjamin Mendy\Benjamin-Mendy,fr FRA,DF,Manchester City,25,1994,8,8,653,0,2,0,0,1,0,0.00,0.28,0.28,0.00,0.28,0.1,0.1,0.4,0.01,0.06,0.07,0.01,0.07,Matches
272,Nampalys Mendy\Nampalys-Mendy,fr FRA,MF,Leicester City,27,1992,2,1,71,0,0,0,0,0,0,0.00,0.00,0.00,0.00,0.00,0.0,0.0,0.1,0.00,0.07,0.07,0.00,0.07,Matches
273,Chris Mepham\Chris-Mepham,wal WAL,,Bournemouth,21,1997,10,9,810,1,0,0,0,1,0,0.11,0.00,0.11,0.11,0.11,0.6,0.6,0.1,0.07,0.01,0.08,0.07,0.08,Matches
274,Max Meyer\Max-Meyer,de GER,FWMF,Crystal Palace,23,1995,8,4,357,0,0,0,0,1,0,0.00,0.00,0.00,0.00,0.00,0.5,0.5,0.6,0.12,0.15,0.27,0.12,0.27,Matches
275,Luka Milivojević\Luka-Milivojevic,rs SRB,MF,Crystal Palace,28,1991,19,19,1696,2,1,2,2,8,0,0.11,0.05,0.16,0.00,0.05,2.0,0.5,1.9,0.11,0.10,0.21,0.03,0.13,Matches
276,James Milner\James-Milner,eng ENG,MF,Liverpool,33,1986,15,5,573,2,2,2,2,3,0,0.31,0.31,0.63,0.00,0.31,1.9,0.4,0.6,0.30,0.09,0.39,0.06,0.15,Matches
277,Yerry Mina\Yerry-Mina,co COL,DF,Everton,24,1994,18,17,1540,0,0,0,0,1,0,0.00,0.00,0.00,0.00,0.00,1.3,1.3,0.2,0.08,0.01,0.09,0.08,0.09,Matches
278,Tyrone Mings\Tyrone-Mings,eng ENG,DF,Aston Villa,26,1993,16,16,1373,1,1,0,0,3,0,0.07,0.07,0.13,0.07,0.13,0.7,0.7,0.4,0.04,0.03,0.07,0.04,0.07,Matches
279,Henrikh Mkhitaryan\Henrikh-Mkhitaryan,am ARM,FWMF,Arsenal,30,1989,3,1,111,0,0,0,0,1,0,0.00,0.00,0.00,0.00,0.00,0.2,0.2,0.2,0.18,0.18,0.37,0.18,0.37,Matches
280,Nacho Monreal\Nacho-Monreal,es ESP,DF,Arsenal,33,1986,3,3,270,0,0,0,0,0,0,0.00,0.00,0.00,0.00,0.00,0.1,0.1,0.3,0.03,0.08,0.11,0.03,0.11,Matches
281,Martín Montoya\Martin-Montoya,es ESP,DF,Brighton,28,1991,17,16,1297,0,1,0,0,3,0,0.00,0.07,0.07,0.00,0.07,1.2,1.2,0.8,0.09,0.06,0.14,0.09,0.14,Matches
282,Simon Moore\Simon-Moore,eng ENG,GK,Sheffield Utd,29,1990,1,1,90,0,0,0,0,0,0,0.00,0.00,0.00,0.00,0.00,0.0,0.0,0.0,0.00,0.00,0.00,0.00,0.00,Matches
283,Aaron Mooy\Aaron-Mooy,au AUS,MF,Brighton,28,1990,14,12,988,1,1,0,0,2,1,0.09,0.09,0.18,0.09,0.18,1.1,1.1,1.4,0.10,0.13,0.22,0.10,0.22,Matches
284,Wesley Moraes\Wesley-Moraes,br BRA,FW,Aston Villa,22,1996,20,20,1719,4,1,0,1,3,0,0.21,0.05,0.26,0.21,0.26,4.9,4.0,0.9,0.25,0.05,0.30,0.21,0.26,Matches
285,Wes Morgan\Wes-Morgan,jm JAM,DF,Leicester City,35,1984,5,1,146,0,0,0,0,0,0,0.00,0.00,0.00,0.00,0.00,0.0,0.0,0.0,0.03,0.00,0.03,0.03,0.03,Matches
286,Ravel Morrison\Ravel-Morrison,eng ENG,MF,Sheffield Utd,26,1993,1,0,12,0,0,0,0,0,0,0.00,0.00,0.00,0.00,0.00,0.0,0.0,0.0,0.30,0.00,0.30,0.30,0.30,Matches
287,Mason Mount\Mason-Mount,eng ENG,MF,Chelsea,20,1999,20,18,1642,5,2,0,0,3,0,0.27,0.11,0.38,0.27,0.38,4.7,4.7,1.8,0.26,0.10,0.35,0.26,0.35,Matches
288,Lucas Moura\Lucas-Moura,br BRA,FWMF,Tottenham,26,1992,18,10,924,4,1,0,0,2,0,0.39,0.10,0.49,0.39,0.49,3.8,3.8,0.5,0.37,0.05,0.42,0.37,0.42,Matches
289,Lys Mousset\Lys-Mousset,fr FRA,MF,Sheffield Utd,23,1996,17,8,794,5,3,0,0,0,0,0.57,0.34,0.91,0.57,0.91,2.6,2.6,2.0,0.30,0.23,0.53,0.30,0.53,Matches
290,João Moutinho\Joao-Moutinho,pt POR,MF,Wolves,32,1986,20,19,1710,1,5,0,0,4,0,0.05,0.26,0.32,0.05,0.32,0.6,0.6,3.8,0.03,0.20,0.23,0.03,0.23,Matches
291,Glenn Murray\Glenn-Murray,eng ENG,FW,Brighton,35,1983,13,3,398,0,0,0,0,0,0,0.00,0.00,0.00,0.00,0.00,0.6,0.6,0.4,0.15,0.09,0.23,0.15,0.23,Matches
292,Shkodran Mustafi\Shkodran-Mustafi,de GER,DF,Arsenal,27,1992,3,1,170,0,0,0,0,0,0,0.00,0.00,0.00,0.00,0.00,0.3,0.3,0.0,0.18,0.00,0.18,0.18,0.18,Matches
293,Yoshinori Mutō\Yoshinori-Muto,jp JPN,MF,Newcastle Utd,27,1992,6,1,111,0,0,0,0,0,0,0.00,0.00,0.00,0.00,0.00,0.1,0.1,0.0,0.07,0.00,0.07,0.07,0.07,Matches
294,Georges-Kévin N'Koudou\Georges-Kevin-NKoudou,fr FRA,MF,Tottenham,24,1995,1,0,2,0,0,0,0,0,0,0.00,0.00,0.00,0.00,0.00,0.0,0.0,0.0,0.89,0.00,0.89,0.89,0.89,Matches
295,Marvelous Nakamba\Marvelous-Nakamba,zw ZIM,MF,Aston Villa,25,1994,13,12,1062,0,0,0,0,2,0,0.00,0.00,0.00,0.00,0.00,0.1,0.1,0.5,0.01,0.04,0.05,0.01,0.05,Matches
296,Wilfred Ndidi\Wilfred-Ndidi,ng NGA,DF,Leicester City,22,1996,19,18,1640,2,0,0,0,3,0,0.11,0.00,0.11,0.11,0.11,1.0,1.0,0.3,0.06,0.02,0.07,0.06,0.07,Matches
297,Tanguy Ndombele\Tanguy-Ndombele,fr FRA,MF,Tottenham,22,1996,14,9,777,2,1,0,0,2,0,0.23,0.12,0.35,0.23,0.35,0.4,0.4,1.1,0.04,0.12,0.17,0.04,0.17,Matches
298,Reiss Nelson\Reiss-Nelson,eng ENG,MF,Arsenal,19,1999,8,5,411,0,0,0,0,1,0,0.00,0.00,0.00,0.00,0.00,0.5,0.5,0.3,0.12,0.06,0.18,0.12,0.18,Matches
299,Pedro Neto\Pedro-Neto,pt POR,FW,Wolves,19,2000,13,2,287,0,2,0,0,1,0,0.00,0.63,0.63,0.00,0.63,0.5,0.5,1.7,0.14,0.52,0.66,0.14,0.66,Matches
300,Rúben Neves\Ruben-Neves,pt POR,MF,Wolves,22,1997,20,18,1560,2,1,0,0,4,0,0.12,0.06,0.17,0.12,0.17,0.8,0.8,1.1,0.05,0.06,0.11,0.05,0.11,Matches
301,Oumar Niasse\Oumar-Niasse,sn SEN,FWMF,Everton,29,1990,1,0,1,0,0,0,0,0,0,0.00,0.00,0.00,0.00,0.00,0.0,0.0,0.0,0.00,0.00,0.00,0.00,0.00,Matches
302,Mark Noble\Mark-Noble,eng ENG,MF,West Ham,32,1987,16,16,1256,1,1,1,1,2,0,0.07,0.07,0.14,0.00,0.07,1.2,0.4,0.5,0.09,0.04,0.12,0.03,0.07,Matches
303,Oliver Norwood\Oliver-Norwood,nir NIR,MF,Sheffield Utd,28,1991,20,20,1674,1,0,1,1,4,0,0.05,0.00,0.05,0.00,0.00,1.3,0.6,2.4,0.07,0.13,0.20,0.03,0.16,Matches
304,Ørjan Nyland\Orjan-Nyland,no NOR,GK,Aston Villa,28,1990,1,0,82,0,0,0,0,0,0,0.00,0.00,0.00,0.00,0.00,0.0,0.0,0.0,0.00,0.00,0.00,0.00,0.00,Matches
305,Jack O'Connell\Jack-OConnell,eng ENG,DF,Sheffield Utd,25,1994,20,20,1800,0,1,0,0,3,0,0.00,0.05,0.05,0.00,0.05,0.9,0.9,1.0,0.05,0.05,0.09,0.05,0.09,Matches
306,Michael Obafemi\Michael-Obafemi,ie IRL,FW,Southampton,19,2000,8,3,258,1,0,0,0,0,0,0.35,0.00,0.35,0.35,0.35,0.2,0.2,0.2,0.07,0.06,0.13,0.07,0.13,Matches
307,Angelo Ogbonna\Angelo-Ogbonna,it ITA,DF,West Ham,31,1988,14,14,1260,2,0,0,0,2,0,0.14,0.00,0.14,0.14,0.14,0.7,0.7,0.0,0.05,0.00,0.05,0.05,0.05,Matches
308,Divock Origi\Divock-Origi,be BEL,FWMF,Liverpool,24,1995,15,4,389,3,1,0,0,0,0,0.69,0.23,0.93,0.69,0.93,1.9,1.9,0.1,0.43,0.02,0.45,0.43,0.45,Matches
309,Ben Osborn\Ben-Osborn,eng ENG,MF,Sheffield Utd,24,1994,4,0,50,0,0,0,0,0,0,0.00,0.00,0.00,0.00,0.00,0.0,0.0,0.3,0.00,0.47,0.47,0.00,0.47,Matches
310,Nicolás Otamendi\Nicolas-Otamendi,ar ARG,DF,Manchester City,31,1988,13,11,994,2,0,0,0,3,0,0.18,0.00,0.18,0.18,0.18,2.2,2.2,0.0,0.20,0.00,0.20,0.20,0.20,Matches
311,Alex Oxlade-Chamberlain\Alex-Oxlade-Chamberlain,eng ENG,MF,Liverpool,25,1993,12,5,511,1,0,0,0,0,0,0.18,0.00,0.18,0.18,0.18,1.3,1.3,0.4,0.22,0.06,0.29,0.22,0.29,Matches
312,Mesut Özil\Mesut-Ozil,de GER,MF,Arsenal,30,1988,10,10,820,0,1,0,0,0,0,0.00,0.11,0.11,0.00,0.11,0.8,0.8,1.4,0.08,0.15,0.23,0.08,0.23,Matches
313,Emerson Palmieri\Emerson-Palmieri,it ITA,DF,Chelsea,24,1994,12,12,918,0,0,0,0,1,0,0.00,0.00,0.00,0.00,0.00,0.8,0.8,1.2,0.08,0.11,0.19,0.08,0.19,Matches
314,Sokratis Papastathopoulos\Sokratis-Papastathopoulos,gr GRE,DF,Arsenal,31,1988,16,16,1427,1,0,0,0,5,0,0.06,0.00,0.06,0.06,0.06,0.4,0.4,0.2,0.02,0.01,0.03,0.02,0.03,Matches
315,Troy Parrott\Troy-Parrott,ie IRL,FW,Tottenham,17,2002,1,0,5,0,0,0,0,0,0,0.00,0.00,0.00,0.00,0.00,0.0,0.0,0.0,0.00,0.00,0.00,0.00,0.00,Matches
316,Rui Patrício\Rui-Patricio,pt POR,GK,Wolves,31,1988,20,20,1800,0,0,0,0,0,0,0.00,0.00,0.00,0.00,0.00,0.0,0.0,0.0,0.00,0.00,0.00,0.00,0.00,Matches
317,Pedro\Pedro,es ESP,FWMF,Chelsea,32,1987,5,4,312,0,0,0,0,0,0,0.00,0.00,0.00,0.00,0.00,1.2,1.2,0.5,0.33,0.14,0.47,0.33,0.47,Matches
318,Nicolas Pépé\Nicolas-Pepe,ci CIV,FW,Arsenal,24,1995,17,10,1022,2,3,1,1,2,0,0.18,0.26,0.44,0.09,0.35,3.4,2.6,1.7,0.30,0.15,0.45,0.23,0.38,Matches
319,Andreas Pereira\Andreas-Pereira,br BRA,MF,Manchester Utd,23,1996,17,14,1149,1,3,0,0,3,0,0.08,0.23,0.31,0.08,0.31,1.1,1.1,2.8,0.09,0.22,0.30,0.09,0.30,Matches
320,Ricardo Pereira\Ricardo-Pereira,pt POR,DFFW,Leicester City,25,1993,19,19,1710,2,1,0,0,1,0,0.11,0.05,0.16,0.11,0.16,0.6,0.6,1.7,0.03,0.09,0.12,0.03,0.12,Matches
321,Roberto Pereyra\Roberto-Pereyra,ar ARG,MF,Watford,28,1991,14,8,874,1,0,1,1,3,0,0.10,0.00,0.10,0.00,0.00,1.8,1.0,1.4,0.18,0.14,0.32,0.10,0.24,Matches
322,Ayoze Pérez\Ayoze-Perez,es ESP,FW,Leicester City,26,1993,17,14,1037,4,3,0,0,0,0,0.35,0.26,0.61,0.35,0.61,3.0,3.0,1.8,0.26,0.16,0.42,0.26,0.42,Matches
323,Jordan Pickford\Jordan-Pickford,eng ENG,GK,Everton,25,1994,20,20,1800,0,0,0,0,0,0,0.00,0.00,0.00,0.00,0.00,0.0,0.0,0.0,0.00,0.00,0.00,0.00,0.00,Matches
324,Erik Pieters\Erik-Pieters,nl NED,DF,Burnley,30,1988,15,14,1234,0,3,0,0,1,0,0.00,0.22,0.22,0.00,0.22,0.2,0.2,1.0,0.01,0.07,0.09,0.01,0.09,Matches
325,Paul Pogba\Paul-Pogba,fr FRA,MF,Manchester Utd,26,1993,7,5,521,0,2,0,1,0,0,0.00,0.35,0.35,0.00,0.35,1.6,0.9,1.5,0.28,0.26,0.55,0.15,0.42,Matches
326,Nick Pope\Nick-Pope,eng ENG,GK,Burnley,27,1992,20,20,1800,0,0,0,0,0,0,0.00,0.00,0.00,0.00,0.00,0.0,0.0,0.6,0.00,0.03,0.03,0.00,0.03,Matches
327,Dennis Praet\Dennis-Praet,be BEL,MF,Leicester City,25,1994,14,6,560,0,1,0,0,0,0,0.00,0.16,0.16,0.00,0.16,0.5,0.5,0.6,0.08,0.10,0.18,0.08,0.18,Matches
328,Sebastian Prödl\Sebastian-Prodl,at AUT,DFMF,Watford,32,1987,1,1,57,0,0,0,0,0,0,0.00,0.00,0.00,0.00,0.00,0.1,0.1,0.0,0.11,0.00,0.11,0.11,0.11,Matches
329,Davy Pröpper\Davy-Propper,nl NED,MF,Brighton,27,1991,17,17,1530,1,1,0,0,3,0,0.06,0.06,0.12,0.06,0.12,1.2,1.2,1.1,0.07,0.06,0.14,0.07,0.14,Matches
330,Teemu Pukki\Teemu-Pukki,fi FIN,FW,Norwich City,29,1990,20,20,1787,9,3,0,0,3,0,0.45,0.15,0.60,0.45,0.60,7.8,7.8,3.0,0.39,0.15,0.54,0.39,0.54,Matches
331,Christian Pulisic\Christian-Pulisic,us USA,MF,Chelsea,20,1998,15,11,1010,5,2,0,0,0,0,0.45,0.18,0.62,0.45,0.62,5.0,5.0,2.0,0.44,0.18,0.62,0.44,0.62,Matches
332,Domingos Quina\Domingos-Quina,pt POR,MF,Watford,19,1999,3,0,14,0,0,0,0,0,0,0.00,0.00,0.00,0.00,0.00,0.0,0.0,0.0,0.20,0.00,0.20,0.20,0.20,Matches
333,Aaron Ramsdale\Aaron-Ramsdale,eng ENG,GK,Bournemouth,21,1998,20,20,1800,0,1,0,0,0,0,0.00,0.05,0.05,0.00,0.05,0.0,0.0,0.0,0.00,0.00,0.00,0.00,0.00,Matches
334,Marcus Rashford\Marcus-Rashford,eng ENG,FW,Manchester Utd,21,1997,20,20,1733,12,4,4,6,2,0,0.62,0.21,0.83,0.42,0.62,12.1,7.6,2.7,0.63,0.14,0.77,0.39,0.53,Matches
335,Nathan Redmond\Nathan-Redmond,eng ENG,MF,Southampton,25,1994,18,18,1522,2,0,0,0,1,0,0.12,0.00,0.12,0.12,0.12,3.2,3.2,1.8,0.19,0.10,0.30,0.19,0.30,Matches
336,Declan Rice\Declan-Rice,eng ENG,DF,West Ham,20,1999,19,19,1710,0,0,0,0,4,0,0.00,0.00,0.00,0.00,0.00,0.5,0.5,0.3,0.02,0.02,0.04,0.02,0.04,Matches
337,Richarlison\Richarlison,br BRA,FW,Everton,22,1997,20,20,1728,6,3,0,0,4,0,0.31,0.16,0.47,0.31,0.47,4.0,4.0,2.8,0.21,0.15,0.36,0.21,0.36,Matches
338,Diego Rico\Diego-Rico,es ESP,DF,Bournemouth,26,1993,16,16,1390,0,2,0,0,5,0,0.00,0.13,0.13,0.00,0.13,0.2,0.2,1.8,0.01,0.12,0.13,0.01,0.13,Matches
339,Jaïro Riedewald\Jairo-Riedewald,nl NED,DF,Crystal Palace,22,1996,4,2,205,0,0,0,0,0,0,0.00,0.00,0.00,0.00,0.00,0.0,0.0,0.0,0.00,0.00,0.00,0.00,0.00,Matches
340,Matt Ritchie\Matt-Ritchie,sco SCO,MF,Newcastle Utd,29,1989,3,3,270,0,0,0,0,1,0,0.00,0.00,0.00,0.00,0.00,0.1,0.1,0.4,0.02,0.13,0.16,0.02,0.16,Matches
341,Roberto\Roberto,es ESP,GK,West Ham,33,1986,8,7,686,0,0,0,0,0,0,0.00,0.00,0.00,0.00,0.00,0.0,0.0,0.0,0.00,0.00,0.00,0.00,0.00,Matches
342,Patrick Roberts\Patrick-Roberts,eng ENG,FWMF,Norwich City,22,1997,3,0,23,0,0,0,0,0,0,0.00,0.00,0.00,0.00,0.00,0.0,0.0,0.0,0.00,0.00,0.00,0.00,0.00,Matches
343,Andrew Robertson\Andrew-Robertson,sco SCO,DF,Liverpool,25,1994,19,18,1637,1,5,0,0,0,0,0.05,0.27,0.33,0.05,0.33,0.9,0.9,3.7,0.05,0.20,0.25,0.05,0.25,Matches
344,Callum Robinson\Callum-Robinson,ie IRL,FW,Sheffield Utd,24,1995,14,9,641,1,1,0,0,1,0,0.14,0.14,0.28,0.14,0.28,2.1,2.1,0.4,0.29,0.06,0.35,0.29,0.35,Matches
345,Rodri\Rodri,es ESP,MF,Manchester City,23,1996,18,15,1345,2,1,0,0,4,0,0.13,0.07,0.20,0.13,0.20,0.4,0.4,0.8,0.03,0.05,0.08,0.03,0.08,Matches
346,Jay Rodriguez\Jay-Rodriguez,eng ENG,FW,Burnley,30,1989,20,5,726,3,0,0,0,1,0,0.37,0.00,0.37,0.37,0.37,1.7,1.7,0.4,0.21,0.05,0.26,0.21,0.26,Matches
347,Marcos Rojo\Marcos-Rojo,ar ARG,DF,Manchester Utd,29,1990,3,1,120,0,0,0,0,1,0,0.00,0.00,0.00,0.00,0.00,0.1,0.1,0.0,0.08,0.00,0.08,0.08,0.08,Matches
348,Oriol Romeu\Oriol-Romeu,es ESP,MF,Southampton,27,1991,16,12,1127,0,0,0,0,2,0,0.00,0.00,0.00,0.00,0.00,0.2,0.2,0.2,0.02,0.02,0.03,0.02,0.03,Matches
349,Danny Rose\Danny-Rose,eng ENG,DFMF,Tottenham,29,1990,11,9,825,0,0,0,0,5,0,0.00,0.00,0.00,0.00,0.00,0.1,0.1,0.8,0.01,0.09,0.10,0.01,0.10,Matches
350,Antonio Rüdiger\Antonio-Rudiger,de GER,DF,Chelsea,26,1993,5,5,405,0,0,0,0,2,0,0.00,0.00,0.00,0.00,0.00,0.1,0.1,0.0,0.01,0.01,0.02,0.01,0.02,Matches
351,Mathew Ryan\Mathew-Ryan,au AUS,GK,Brighton,27,1992,20,20,1800,0,0,0,0,0,0,0.00,0.00,0.00,0.00,0.00,0.0,0.0,0.0,0.00,0.00,0.00,0.00,0.00,Matches
352,Allan Saint-Maximin\Allan-Saint-Maximin,fr FRA,FWMF,Newcastle Utd,22,1997,12,10,823,1,0,0,0,0,0,0.11,0.00,0.11,0.11,0.11,1.5,1.5,1.3,0.17,0.14,0.31,0.17,0.31,Matches
353,Romain Saïss\Romain-Saiss,ma MAR,DF,Wolves,29,1990,16,14,1175,2,0,0,0,9,1,0.15,0.00,0.15,0.15,0.15,1.7,1.7,0.5,0.13,0.04,0.17,0.13,0.17,Matches
354,Bukayo Saka\Bukayo-Saka,eng ENG,MF,Arsenal,17,2001,11,7,676,0,1,0,0,2,0,0.00,0.13,0.13,0.00,0.13,0.6,0.6,0.8,0.08,0.11,0.19,0.08,0.19,Matches
355,Mamadou Sakho\Mamadou-Sakho,fr FRA,DF,Crystal Palace,29,1990,7,5,420,0,0,0,0,0,1,0.00,0.00,0.00,0.00,0.00,0.0,0.0,0.1,0.00,0.01,0.01,0.00,0.01,Matches
356,Mohamed Salah\Mohamed-Salah,eg EGY,FWMF,Liverpool,27,1992,16,16,1355,9,4,2,2,0,0,0.60,0.27,0.86,0.46,0.73,9.1,7.6,2.1,0.60,0.14,0.74,0.50,0.64,Matches
357,Carlos Sánchez\Carlos-Sanchez,co COL,MF,West Ham,33,1986,6,1,113,0,0,0,0,0,0,0.00,0.00,0.00,0.00,0.00,0.0,0.0,0.0,0.00,0.00,0.00,0.00,0.00,Matches
358,Davinson Sánchez\Davinson-Sanchez,co COL,DF,Tottenham,23,1996,16,15,1350,0,0,0,0,4,0,0.00,0.00,0.00,0.00,0.00,0.6,0.6,0.0,0.04,0.00,0.04,0.04,0.04,Matches
359,Ismaila Sarr\Ismaila-Sarr,sn SEN,MF,Watford,21,1998,13,8,772,3,0,0,0,1,0,0.35,0.00,0.35,0.35,0.35,2.5,2.5,0.7,0.29,0.08,0.37,0.29,0.37,Matches
360,Fabian Schär\Fabian-Schar,ch SUI,DF,Newcastle Utd,27,1991,14,13,1198,2,0,0,0,4,0,0.15,0.00,0.15,0.15,0.15,1.0,1.0,0.1,0.08,0.01,0.09,0.08,0.09,Matches
361,Ezequiel Schelotto\Ezequiel-Schelotto,it ITA,DFMF,Brighton,30,1989,4,1,124,0,0,0,0,0,0,0.00,0.00,0.00,0.00,0.00,0.0,0.0,0.0,0.02,0.00,0.02,0.02,0.02,Matches
362,Jeffrey Schlupp\Jeffrey-Schlupp,gh GHA,DFFW,Crystal Palace,26,1992,14,9,859,2,1,0,0,2,0,0.21,0.10,0.31,0.21,0.31,1.5,1.5,1.1,0.16,0.12,0.28,0.16,0.28,Matches
363,Kasper Schmeichel\Kasper-Schmeichel,dk DEN,GK,Leicester City,32,1986,20,20,1800,0,0,0,0,0,0,0.00,0.00,0.00,0.00,0.00,0.0,0.0,0.2,0.00,0.01,0.01,0.00,0.01,Matches
364,Morgan Schneiderlin\Morgan-Schneiderlin,fr FRA,MF,Everton,29,1989,11,9,741,0,0,0,0,5,1,0.00,0.00,0.00,0.00,0.00,0.2,0.2,0.1,0.03,0.01,0.04,0.03,0.04,Matches
365,Ryan Sessegnon\Ryan-Sessegnon,eng ENG,DF,Tottenham,19,2000,4,2,161,0,0,0,0,0,0,0.00,0.00,0.00,0.00,0.00,0.1,0.1,0.1,0.06,0.03,0.09,0.06,0.09,Matches
366,Xherdan Shaqiri\Xherdan-Shaqiri,ch SUI,MF,Liverpool,27,1991,5,2,174,1,0,0,0,0,0,0.52,0.00,0.52,0.52,0.52,0.5,0.5,0.1,0.24,0.03,0.27,0.24,0.27,Matches
367,Billy Sharp\Billy-Sharp,eng ENG,FW,Sheffield Utd,33,1986,10,1,259,1,0,0,0,1,1,0.35,0.00,0.35,0.35,0.35,0.7,0.7,1.2,0.23,0.43,0.66,0.23,0.66,Matches
368,Luke Shaw\Luke-Shaw,eng ENG,DFMF,Manchester Utd,24,1995,10,7,587,0,0,0,0,2,0,0.00,0.00,0.00,0.00,0.00,0.3,0.3,0.3,0.05,0.05,0.10,0.05,0.10,Matches
369,Jonjo Shelvey\Jonjo-Shelvey,eng ENG,MF,Newcastle Utd,27,1992,13,12,1032,5,0,0,0,1,0,0.44,0.00,0.44,0.44,0.44,1.7,1.7,1.2,0.15,0.10,0.25,0.15,0.25,Matches
370,Djibril Sidibé\Djibril-Sidibe,fr FRA,DFMF,Everton,27,1992,12,11,942,0,4,0,0,2,0,0.00,0.38,0.38,0.00,0.38,0.2,0.2,1.5,0.02,0.14,0.16,0.02,0.16,Matches
371,Gylfi Sigurðsson\Gylfi-Sigurdsson,is ISL,MF,Everton,29,1989,19,16,1419,1,1,0,0,2,0,0.06,0.06,0.13,0.06,0.13,2.0,2.0,3.0,0.12,0.19,0.31,0.12,0.31,Matches
372,Bernardo Silva\Bernardo-Silva,pt POR,FWMF,Manchester City,24,1994,18,13,1180,5,4,0,0,5,0,0.38,0.31,0.69,0.38,0.69,4.0,4.0,2.8,0.31,0.22,0.52,0.31,0.52,Matches
373,David Silva\David-Silva,es ESP,MF,Manchester City,33,1986,15,13,1017,3,6,0,0,0,0,0.27,0.53,0.80,0.27,0.80,3.3,3.3,2.6,0.30,0.23,0.53,0.30,0.53,Matches
374,Jack Simpson\Jack-Simpson,eng ENG,DF,Bournemouth,22,1997,2,1,145,0,0,0,0,0,0,0.00,0.00,0.00,0.00,0.00,0.0,0.0,0.0,0.01,0.00,0.01,0.01,0.01,Matches
375,Moussa Sissoko\Moussa-Sissoko,fr FRA,MF,Tottenham,29,1989,19,18,1600,2,1,0,0,5,0,0.11,0.06,0.17,0.11,0.17,2.0,2.0,1.0,0.11,0.06,0.17,0.11,0.17,Matches
376,Oliver Skipp\Oliver-Skipp,eng ENG,MF,Tottenham,18,2000,3,0,10,0,0,0,0,0,0,0.00,0.00,0.00,0.00,0.00,0.0,0.0,0.0,0.00,0.00,0.00,0.00,0.00,Matches
377,Adam Smith\Adam-Smith,eng ENG,DF,Bournemouth,28,1991,10,10,840,0,1,0,0,2,0,0.00,0.11,0.11,0.00,0.11,0.5,0.5,0.5,0.05,0.06,0.11,0.05,0.11,Matches
378,Emile Smith-Rowe\Emile-Smith-Rowe,eng ENG,,Arsenal,19,2000,2,1,97,0,0,0,0,0,0,0.00,0.00,0.00,0.00,0.00,0.0,0.0,0.0,0.00,0.00,0.00,0.00,0.00,Matches
379,Robert Snodgrass\Robert-Snodgrass,sco SCO,FWMF,West Ham,31,1987,14,10,921,3,1,0,0,4,0,0.29,0.10,0.39,0.29,0.39,2.0,2.0,1.7,0.20,0.16,0.36,0.20,0.36,Matches
380,Cédric Soares\Cedric-Soares,pt POR,DF,Southampton,27,1991,12,12,1018,0,0,0,0,1,0,0.00,0.00,0.00,0.00,0.00,0.5,0.5,1.0,0.05,0.09,0.13,0.05,0.13,Matches
381,Dominic Solanke\Dominic-Solanke,eng ENG,FW,Bournemouth,21,1997,17,9,862,0,0,0,0,1,0,0.00,0.00,0.00,0.00,0.00,1.8,1.8,0.7,0.19,0.07,0.26,0.19,0.26,Matches
382,Çağlar Söyüncü\Caglar-Soyuncu,tr TUR,DF,Leicester City,23,1996,19,19,1710,1,1,0,0,4,0,0.05,0.05,0.11,0.05,0.11,1.8,1.8,0.2,0.10,0.01,0.11,0.10,0.11,Matches
383,Dennis Srbeny\Dennis-Srbeny,de GER,MF,Norwich City,25,1994,8,0,39,1,0,0,0,0,0,2.31,0.00,2.31,2.31,2.31,0.5,0.5,0.0,1.07,0.00,1.07,1.07,1.07,Matches
384,Jack Stacey\Jack-Stacey,eng ENG,FWMF,Bournemouth,23,1996,9,9,798,0,1,0,0,2,0,0.00,0.11,0.11,0.00,0.11,0.2,0.2,0.5,0.02,0.06,0.07,0.02,0.07,Matches
385,Junior Stanislas\Junior-Stanislas,eng ENG,MF,Bournemouth,29,1989,1,1,62,0,0,0,0,0,0,0.00,0.00,0.00,0.00,0.00,0.0,0.0,0.1,0.07,0.12,0.19,0.07,0.19,Matches
386,Jed Steer\Jed-Steer,eng ENG,GK,Aston Villa,26,1992,1,1,8,0,0,0,0,0,0,0.00,0.00,0.00,0.00,0.00,0.0,0.0,0.0,0.00,0.00,0.00,0.00,0.00,Matches
387,Dale Stephens\Dale-Stephens,eng ENG,MF,Brighton,30,1989,19,18,1601,0,1,0,0,5,0,0.00,0.06,0.06,0.00,0.06,0.4,0.4,0.5,0.02,0.03,0.05,0.02,0.05,Matches
388,Jack Stephens\Jack-Stephens,eng ENG,DF,Southampton,25,1994,12,11,1018,1,1,0,0,0,0,0.09,0.09,0.18,0.09,0.18,0.2,0.2,0.5,0.02,0.04,0.06,0.02,0.06,Matches
389,Raheem Sterling\Raheem-Sterling,eng ENG,FWMF,Manchester City,24,1994,19,19,1671,11,1,0,1,4,0,0.59,0.05,0.65,0.59,0.65,9.6,8.7,4.9,0.52,0.26,0.78,0.47,0.73,Matches
390,Enda Stevens\Enda-Stevens,ie IRL,DF,Sheffield Utd,29,1990,20,20,1800,1,2,0,0,4,0,0.05,0.10,0.15,0.05,0.15,0.5,0.5,2.5,0.02,0.13,0.15,0.02,0.15,Matches
391,Marco Stiepermann\Marco-Stiepermann,de GER,FWMF,Norwich City,28,1991,15,11,922,0,0,0,0,3,0,0.00,0.00,0.00,0.00,0.00,1.5,1.5,0.5,0.15,0.05,0.19,0.15,0.19,Matches
392,John Stones\John-Stones,eng ENG,DF,Manchester City,25,1994,9,8,700,0,0,0,0,0,0,0.00,0.00,0.00,0.00,0.00,0.6,0.6,0.1,0.08,0.01,0.08,0.08,0.08,Matches
393,Isaac Success\Isaac-Success,ng NGA,FW,Watford,23,1996,4,0,50,0,0,0,0,0,0,0.00,0.00,0.00,0.00,0.00,0.1,0.1,0.1,0.14,0.23,0.36,0.14,0.36,Matches
394,Ki Sung-yueng\Ki-Sung-yueng,kr KOR,MF,Newcastle Utd,30,1989,3,1,136,0,0,0,0,0,0,0.00,0.00,0.00,0.00,0.00,0.0,0.0,0.1,0.00,0.05,0.05,0.00,0.05,Matches
395,Andrew Surman\Andrew-Surman,eng ENG,MF,Bournemouth,32,1986,3,0,56,0,0,0,0,0,0,0.00,0.00,0.00,0.00,0.00,0.0,0.0,0.0,0.00,0.00,0.00,0.00,0.00,Matches
396,Matt Targett\Matt-Targett,eng ENG,DF,Aston Villa,23,1995,14,14,1151,1,2,0,0,3,0,0.08,0.16,0.23,0.08,0.23,0.2,0.2,2.1,0.02,0.16,0.18,0.02,0.18,Matches
397,James Tarkowski\James-Tarkowski,eng ENG,DF,Burnley,26,1992,20,20,1800,1,1,0,0,4,0,0.05,0.05,0.10,0.05,0.10,1.3,1.3,0.9,0.07,0.05,0.11,0.07,0.11,Matches
398,Charlie Taylor\Charlie-Taylor,eng ENG,DF,Burnley,25,1993,8,6,566,0,0,0,0,1,0,0.00,0.00,0.00,0.00,0.00,0.0,0.0,0.1,0.00,0.02,0.02,0.00,0.02,Matches
399,Neil Taylor\Neil-Taylor,wal WAL,DF,Aston Villa,30,1989,8,6,613,0,0,0,0,1,0,0.00,0.00,0.00,0.00,0.00,0.2,0.2,0.1,0.03,0.01,0.04,0.03,0.04,Matches
400,Alexander Tettey\Alexander-Tettey,no NOR,MF,Norwich City,33,1986,14,12,1023,1,1,0,0,3,0,0.09,0.09,0.18,0.09,0.18,0.4,0.4,0.3,0.04,0.03,0.07,0.04,0.07,Matches
401,Youri Tielemans\Youri-Tielemans,be BEL,MF,Leicester City,22,1997,19,19,1669,3,3,0,0,0,0,0.16,0.16,0.32,0.16,0.32,1.9,1.9,2.8,0.10,0.15,0.25,0.10,0.25,Matches
402,Kieran Tierney\Kieran-Tierney,sco SCO,DF,Arsenal,22,1997,5,4,299,0,0,0,0,1,0,0.00,0.00,0.00,0.00,0.00,0.1,0.1,0.5,0.02,0.16,0.19,0.02,0.19,Matches
403,James Tomkins\James-Tomkins,eng ENG,DFMF,Crystal Palace,30,1989,12,12,1073,1,1,0,0,2,0,0.08,0.08,0.17,0.08,0.17,0.6,0.6,0.1,0.05,0.01,0.06,0.05,0.06,Matches
404,Fikayo Tomori\Fikayo-Tomori,eng ENG,DF,Chelsea,21,1997,14,14,1229,1,0,0,0,3,0,0.07,0.00,0.07,0.07,0.07,0.6,0.6,0.2,0.04,0.01,0.05,0.04,0.05,Matches
405,Lucas Torreira\Lucas-Torreira,uy URU,MF,Arsenal,23,1996,17,11,989,1,0,0,0,3,0,0.09,0.00,0.09,0.09,0.09,1.4,1.4,0.7,0.13,0.07,0.20,0.13,0.20,Matches
406,Cenk Tosun\Cenk-Tosun,tr TUR,FW,Everton,28,1991,5,2,290,1,0,0,0,0,0,0.31,0.00,0.31,0.31,0.31,0.8,0.8,0.1,0.24,0.04,0.28,0.24,0.28,Matches
407,Andros Townsend\Andros-Townsend,eng ENG,FWMF,Crystal Palace,28,1991,14,9,782,1,1,0,0,0,0,0.12,0.12,0.23,0.12,0.23,0.2,0.2,1.2,0.02,0.14,0.16,0.02,0.16,Matches
408,Adama Traoré\Adama-Traore,es ESP,FWMF,Wolves,23,1996,19,16,1493,4,4,0,0,0,0,0.24,0.24,0.48,0.24,0.48,1.9,1.9,3.9,0.11,0.24,0.35,0.11,0.35,Matches
409,Trézéguet\Trezeguet,eg EGY,MF,Aston Villa,24,1994,17,10,991,3,1,0,0,4,1,0.27,0.09,0.36,0.27,0.36,2.3,2.3,0.4,0.21,0.04,0.25,0.21,0.25,Matches
410,Leandro Trossard\Leandro-Trossard,be BEL,FW,Brighton,24,1994,14,9,786,2,3,0,0,0,0,0.23,0.34,0.57,0.23,0.57,1.6,1.6,2.6,0.19,0.30,0.49,0.19,0.49,Matches
411,Tom Trybull\Tom-Trybull,de GER,DFMF,Norwich City,26,1993,14,12,1029,0,0,0,0,2,0,0.00,0.00,0.00,0.00,0.00,0.4,0.4,0.0,0.04,0.00,0.04,0.04,0.04,Matches
412,Axel Tuanzebe\Axel-Tuanzebe,eng ENG,DF,Manchester Utd,21,1997,5,2,186,0,0,0,0,0,0,0.00,0.00,0.00,0.00,0.00,0.0,0.0,0.0,0.00,0.00,0.00,0.00,0.00,Matches
413,Yan Valery\Yan-Valery,fr FRA,DF,Southampton,20,1999,8,7,558,0,0,0,0,1,0,0.00,0.00,0.00,0.00,0.00,0.2,0.2,0.7,0.04,0.12,0.16,0.04,0.16,Matches
414,Jesús Vallejo\Jesus-Vallejo,es ESP,DF,Wolves,22,1997,2,1,162,0,0,0,0,1,0,0.00,0.00,0.00,0.00,0.00,0.0,0.0,0.0,0.00,0.00,0.00,0.00,0.00,Matches
415,Jamie Vardy\Jamie-Vardy,eng ENG,FW,Leicester City,32,1987,19,19,1710,17,3,3,3,2,0,0.89,0.16,1.05,0.74,0.89,11.1,8.8,2.7,0.58,0.14,0.73,0.46,0.61,Matches
416,Jan Vertonghen\Jan-Vertonghen,be BEL,DF,Tottenham,32,1987,13,13,1109,1,1,0,0,1,0,0.08,0.08,0.16,0.08,0.16,0.0,0.0,0.9,0.00,0.07,0.07,0.00,0.07,Matches
417,Jannik Vestergaard\Jannik-Vestergaard,dk DEN,DF,Southampton,26,1992,11,11,934,1,0,0,0,1,0,0.10,0.00,0.10,0.10,0.10,0.5,0.5,0.1,0.05,0.01,0.05,0.05,0.05,Matches
418,Rúben Vinagre\Ruben-Vinagre,pt POR,DF,Wolves,20,1999,8,3,297,0,0,0,0,1,0,0.00,0.00,0.00,0.00,0.00,0.1,0.1,0.2,0.03,0.07,0.11,0.03,0.11,Matches
419,Mario Vrančić\Mario-Vrancic,ba BIH,MF,Norwich City,30,1989,8,2,199,1,0,0,0,2,0,0.45,0.00,0.45,0.45,0.45,0.3,0.3,0.3,0.14,0.11,0.25,0.14,0.25,Matches
420,Matěj Vydra\Matej-Vydra,cz CZE,FW,Burnley,27,1992,5,0,83,0,1,0,0,0,0,0.00,1.08,1.08,0.00,1.08,0.2,0.2,0.0,0.17,0.05,0.22,0.17,0.22,Matches
421,Theo Walcott\Theo-Walcott,eng ENG,FWMF,Everton,30,1989,13,8,596,0,1,0,0,1,0,0.00,0.15,0.15,0.00,0.15,1.3,1.3,0.7,0.19,0.11,0.30,0.19,0.30,Matches
422,Kyle Walker\Kyle-Walker,eng ENG,DF,Manchester City,29,1990,17,17,1449,1,2,0,0,3,0,0.06,0.12,0.19,0.06,0.19,0.8,0.8,1.2,0.05,0.08,0.12,0.05,0.12,Matches
423,Kyle Walker-Peters\Kyle-Walker-Peters,eng ENG,DF,Tottenham,22,1997,3,3,242,0,0,0,0,0,0,0.00,0.00,0.00,0.00,0.00,0.0,0.0,0.1,0.01,0.03,0.04,0.01,0.04,Matches
424,Aaron Wan-Bissaka\Aaron-Wan-Bissaka,eng ENG,DF,Manchester Utd,21,1997,17,17,1521,0,1,0,0,4,0,0.00,0.06,0.06,0.00,0.06,0.2,0.2,0.7,0.01,0.04,0.06,0.01,0.06,Matches
425,Victor Wanyama\Victor-Wanyama,ke KEN,MF,Tottenham,28,1991,2,0,23,0,0,0,0,1,0,0.00,0.00,0.00,0.00,0.00,0.0,0.0,0.0,0.00,0.00,0.00,0.00,0.00,Matches
426,Joel Ward\Joel-Ward,eng ENG,DFMF,Crystal Palace,29,1989,13,13,1104,0,0,0,0,2,0,0.00,0.00,0.00,0.00,0.00,0.1,0.1,0.1,0.01,0.01,0.02,0.01,0.02,Matches
427,James Ward-Prowse\James-Ward-Prowse,eng ENG,MF,Southampton,24,1994,20,20,1800,4,2,1,2,4,0,0.20,0.10,0.30,0.15,0.25,4.1,2.4,2.8,0.21,0.14,0.34,0.12,0.26,Matches
428,Adam Webster\Adam-Webster,eng ENG,DF,Brighton,24,1995,15,15,1296,3,0,0,0,2,0,0.21,0.00,0.21,0.21,0.21,0.7,0.7,0.8,0.05,0.06,0.11,0.05,0.11,Matches
429,Danny Welbeck\Danny-Welbeck,eng ENG,FWMF,Watford,28,1990,5,3,210,0,0,0,0,0,0,0.00,0.00,0.00,0.00,0.00,0.6,0.6,0.1,0.27,0.02,0.29,0.27,0.29,Matches
430,Ashley Westwood\Ashley-Westwood,eng ENG,MF,Burnley,29,1990,17,17,1530,0,4,0,0,6,0,0.00,0.24,0.24,0.00,0.24,0.7,0.7,2.1,0.04,0.12,0.16,0.04,0.16,Matches
431,Connor Wickham\Connor-Wickham,eng ENG,FWMF,Crystal Palace,26,1993,3,0,30,0,1,0,0,0,0,0.00,3.00,3.00,0.00,3.00,0.4,0.4,0.5,1.29,1.42,2.72,1.29,2.72,Matches
432,Georginio Wijnaldum\Georginio-Wijnaldum,nl NED,MF,Liverpool,28,1990,18,18,1500,2,0,0,0,0,0,0.12,0.00,0.12,0.12,0.12,1.2,1.2,0.4,0.07,0.02,0.10,0.07,0.10,Matches
433,Jetro Willems\Jetro-Willems,nl NED,DF,Newcastle Utd,25,1994,16,15,1351,2,2,0,0,0,0,0.13,0.13,0.27,0.13,0.27,0.6,0.6,1.2,0.04,0.08,0.12,0.04,0.12,Matches
434,Brandon Williams\Brandon-Williams,eng ENG,DF,Manchester Utd,18,2000,6,4,358,1,0,0,0,4,0,0.25,0.00,0.25,0.25,0.25,0.2,0.2,0.2,0.06,0.05,0.10,0.06,0.10,Matches
435,Willian\Willian,br BRA,MF,Chelsea,30,1988,19,15,1364,4,4,1,1,2,0,0.26,0.26,0.53,0.20,0.46,2.7,2.0,3.6,0.18,0.24,0.42,0.13,0.37,Matches
436,Joe Willock\Joe-Willock,eng ENG,MF,Arsenal,19,1999,16,6,547,0,0,0,0,1,0,0.00,0.00,0.00,0.00,0.00,0.8,0.8,0.5,0.13,0.08,0.21,0.13,0.21,Matches
437,Jack Wilshere\Jack-Wilshere,eng ENG,MF,West Ham,27,1992,6,2,175,0,0,0,0,0,0,0.00,0.00,0.00,0.00,0.00,0.0,0.0,0.0,0.00,0.00,0.00,0.00,0.00,Matches
438,Callum Wilson\Callum-Wilson,eng ENG,FW,Bournemouth,27,1992,19,17,1540,5,0,0,0,4,0,0.29,0.00,0.29,0.29,0.29,5.0,5.0,1.3,0.29,0.08,0.37,0.29,0.37,Matches
439,Harry Wilson\Harry-Wilson,wal WAL,MF,Bournemouth,22,1997,16,12,967,6,0,0,0,1,0,0.56,0.00,0.56,0.56,0.56,2.1,2.1,1.3,0.19,0.12,0.32,0.19,0.32,Matches
440,Harry Winks\Harry-Winks,eng ENG,MF,Tottenham,23,1996,16,12,998,0,0,0,0,5,0,0.00,0.00,0.00,0.00,0.00,0.3,0.3,0.4,0.02,0.04,0.06,0.02,0.06,Matches
441,Chris Wood\Chris-Wood,nz NZL,FW,Burnley,27,1991,18,18,1475,7,0,0,0,1,0,0.43,0.00,0.43,0.43,0.43,6.2,6.2,0.4,0.38,0.02,0.40,0.38,0.40,Matches
442,Granit Xhaka\Granit-Xhaka,ch SUI,MF,Arsenal,26,1992,14,14,1188,0,1,0,0,4,0,0.00,0.08,0.08,0.00,0.08,0.2,0.2,0.7,0.01,0.05,0.06,0.01,0.06,Matches
443,Andriy Yarmolenko\Andriy-Yarmolenko,ua UKR,FWMF,West Ham,29,1989,15,9,828,3,1,0,0,2,0,0.33,0.11,0.43,0.33,0.43,1.5,1.5,2.5,0.16,0.27,0.43,0.16,0.43,Matches
444,DeAndre Yedlin\DeAndre-Yedlin,us USA,DF,Newcastle Utd,26,1993,10,7,673,1,0,0,0,2,0,0.13,0.00,0.13,0.13,0.13,0.7,0.7,0.1,0.09,0.02,0.11,0.09,0.11,Matches
445,Maya Yoshida\Maya-Yoshida,jp JPN,DF,Southampton,30,1988,8,6,558,0,0,0,0,1,0,0.00,0.00,0.00,0.00,0.00,0.6,0.6,0.0,0.09,0.00,0.09,0.09,0.09,Matches
446,Ashley Young\Ashley-Young,eng ENG,DFFW,Manchester Utd,34,1985,12,10,954,0,0,0,0,5,0,0.00,0.00,0.00,0.00,0.00,0.1,0.1,1.2,0.01,0.11,0.12,0.01,0.12,Matches
447,Pablo Zabaleta\Pablo-Zabaleta,ar ARG,DF,West Ham,34,1985,6,3,289,0,0,0,0,1,0,0.00,0.00,0.00,0.00,0.00,0.0,0.0,0.2,0.00,0.05,0.05,0.00,0.05,Matches
448,Wilfried Zaha\Wilfried-Zaha,ci CIV,FWMF,Crystal Palace,26,1992,20,19,1735,3,1,0,0,3,0,0.16,0.05,0.21,0.16,0.21,2.2,2.2,1.4,0.12,0.07,0.19,0.12,0.19,Matches
449,Christoph Zimmermann\Christoph-Zimmermann,de GER,DF,Norwich City,26,1993,9,9,756,0,1,0,0,1,0,0.00,0.12,0.12,0.00,0.12,0.2,0.2,0.0,0.02,0.00,0.02,0.02,0.02,Matches
450,Oleksandr Zinchenko\Oleksandr-Zinchenko,ua UKR,MF,Manchester City,22,1996,9,7,680,0,0,0,0,0,0,0.00,0.00,0.00,0.00,0.00,0.3,0.3,0.7,0.04,0.09,0.13,0.04,0.13,Matches
451,Kurt Zouma\Kurt-Zouma,fr FRA,DF,Chelsea,24,1994,19,17,1578,0,0,0,0,2,0,0.00,0.00,0.00,0.00,0.00,0.6,0.6,0.0,0.04,0.00,0.04,0.04,0.04,Matches