first_name,last_name,age,minutes,bday,join,leave,min_perc,join_age,age_now,fname,player,team_name,season,matchday
Takuya,Iwanami,27,3253,1994-06-18,2018-01-01,"Jan 31, 2022",0.951,23.53972602739726,27.471232876712328,T,T. Iwanami,Urawa Red Diamonds,2020,38
Shusaku,Nishikawa,35,2880,1986-06-18,2014-01-05,"Jan 31, 2022",0.842,27.55068493150685,35.47123287671233,S,S. Nishikawa,Urawa Red Diamonds,2020,38
Takahiro,Akimoto,23,2580,1998-01-31,2021-01-09,"Jan 31, 2022",0.754,22.939890710382514,23.84931506849315,T,T. Akimoto,Urawa Red Diamonds,2020,38
Yoshio,Koizumi,25,2406,1996-10-05,2021-01-09,"Jan 31, 2022",0.704,24.263013698630136,25.172602739726027,Y,Y. Koizumi,Urawa Red Diamonds,2020,38
Tomoaki,Makino,34,2305,1987-05-11,2013-01-01,"Jan 31, 2022",0.674,25.643835616438356,34.57534246575342,T,T. Makino,Urawa Red Diamonds,2020,38
Atsuki,Ito,23,2263,1998-08-11,2021-02-01,"Jan 31, 2022",0.662,22.476712328767125,23.323287671232876,A,A. Ito,Urawa Red Diamonds,2020,38
Takahiro,Sekine,26,2237,1995-04-19,2019-07-01,"Jan 31, 2022",0.654,24.19945355191257,26.635616438356166,T,T. Sekine,Urawa Red Diamonds,2020,38
Kai,Shibato,26,1972,1995-11-24,2018-02-01,"Jan 31, 2022",0.577,22.18904109589041,26.035616438356165,K,K. Shibato,Urawa Red Diamonds,2020,38
Daigo,Nishi,34,1752,1987-08-28,2021-01-09,"Jan 31, 2022",0.512,33.367123287671234,34.276712328767125,D,D. Nishi,Urawa Red Diamonds,2020,38
Ryosuke,Yamanaka,28,1710,1993-04-20,2019-01-10,"Jan 31, 2022",0.5,25.726027397260275,28.632876712328766,R,R. Yamanaka,Urawa Red Diamonds,2020,38
Koya,Yuruki,26,1707,1995-07-03,2019-01-05,"Jan 31, 2022",0.499,23.50958904109589,26.43013698630137,K,K. Yuruki,Urawa Red Diamonds,2020,38
Kasper,Junker,27,1303,1994-03-05,2021-04-01,"Dec 31, 2022",0.381,27.073972602739726,27.75890410958904,K,K. Junker,Urawa Red Diamonds,2020,38
Alexander,Scholz,29,1236,1992-10-24,2021-07-16,-,0.361,28.726027397260275,29.12054794520548,A,A. Scholz,Urawa Red Diamonds,2020,38
Ataru,Esaka,29,1214,1992-05-31,2021-07-12,"Jan 31, 2023",0.355,29.115068493150684,29.52054794520548,A,A. Esaka,Urawa Red Diamonds,2020,38
Hiroki,Sakai,31,1161,1990-04-12,2021-07-12,"Jan 31, 2023",0.339,31.24931506849315,31.654794520547945,H,H. Sakai,Urawa Red Diamonds,2020,38
Tatsuya,Tanaka,29,1021,1992-06-09,2021-01-09,"Jan 31, 2022",0.299,28.586301369863016,29.495890410958904,T,T. Tanaka,Urawa Red Diamonds,2020,38
Yuichi,Hirano,25,1003,1996-03-11,2021-08-06,"Jan 31, 2023",0.293,25.405479452054795,25.742465753424657,Y,Y. Hirano,Urawa Red Diamonds,2020,38
Tomoya,Ugajin,33,811,1988-03-23,2010-02-01,"Jan 31, 2022",0.237,21.863013698630137,33.70958904109589,T,T. Ugajin,Urawa Red Diamonds,2020,38
Kenyu,Sugimoto,29,761,NA,NA,NA,0.223,NA,NA,K,K. Sugimoto,Urawa Red Diamonds,2020,38
Yuki,Muto,33,755,NA,NA,NA,0.221,NA,NA,Y,Y. Muto,Urawa Red Diamonds,2020,38
Tomoaki,Okubo,23,724,1998-07-23,2021-02-01,"Jan 31, 2022",0.212,22.528767123287672,23.375342465753423,T,T. Okubo,Urawa Red Diamonds,2020,38
Yuki,Abe,40,619,1981-09-06,2012-01-23,"Jan 31, 2022",0.181,30.379781420765028,40.25205479452055,Y,Y. Abe,Urawa Red Diamonds,2020,38
Zion,Suzuki,19,540,2002-08-21,2019-02-01,"Jan 31, 2022",0.158,16.44931506849315,19.295890410958904,Z,Z. Suzuki,Urawa Red Diamonds,2020,38
Shinzo,Koroki,35,480,1986-07-31,2013-01-04,"Jan 31, 2022",0.14,26.43013698630137,35.35342465753425,S,S. Koroki,Urawa Red Diamonds,2020,38
Daiki,Kaneko,23,444,1998-08-28,2021-01-09,"Jan 31, 2022",0.13,22.367123287671234,23.276712328767122,D,D. Kaneko,Urawa Red Diamonds,2020,38
Hidetoshi,Takeda,20,262,NA,NA,NA,0.077,NA,NA,H,H. Takeda,Urawa Red Diamonds,2020,38
Thomas,Deng,24,157,1997-03-20,2020-01-28,"Jan 31, 2022",0.046,22.85792349726776,24.71780821917808,T,T. Deng,Urawa Red Diamonds,2020,38
Ryotaro,Ito,23,25,NA,NA,NA,0.007,NA,NA,R,R. Ito,Urawa Red Diamonds,2020,38
Kosuke,Kinoshita,27,17,1994-10-03,2021-08-11,"Jan 31, 2023",0.005,26.854794520547944,27.17808219178082,K,K. Kinoshita,Urawa Red Diamonds,2020,38
Mitchell,Langerak,33,3420,1988-08-22,2018-01-14,"Jan 31, 2022",1,29.397260273972602,33.293150684931504,M,M. Langerak,Nagoya Grampus,2020,38
Yutaka,Yoshida,31,3416,1990-02-17,2019-01-13,"Jan 31, 2022",0.999,28.904109589041095,31.802739726027397,Y,Y. Yoshida,Nagoya Grampus,2020,38
Sho,Inagaki,29,3349,1991-12-25,2020-01-04,"Jan 31, 2022",0.979,28.027322404371585,29.95068493150685,S,S. Inagaki,Nagoya Grampus,2020,38
Shinnosuke,Nakatani,25,3073,1996-03-24,2018-07-16,"Jan 31, 2022",0.899,22.312328767123287,25.706849315068492,S,S. Nakatani,Nagoya Grampus,2020,38
NA,Mateus,27,2869,1994-09-11,2019-01-06,"Jan 1, 2022",0.839,24.32054794520548,27.23835616438356,,Mateus,Nagoya Grampus,2020,38
Yoichiro,Kakitani,31,2414,1990-01-03,2021-01-09,"Jan 31, 2022",0.706,31.016438356164382,31.926027397260274,Y,Y. Kakitani,Nagoya Grampus,2020,38
Takuji,Yonemoto,31,1926,1990-12-03,2019-01-11,"Jan 31, 2022",0.563,28.106849315068494,31.01095890410959,T,T. Yonemoto,Nagoya Grampus,2020,38
Kazuya,Miyahara,25,1741,1996-03-22,2019-02-01,"Jan 31, 2022",0.509,22.865753424657534,25.71232876712329,K,K. Miyahara,Nagoya Grampus,2020,38
Naoki,Maeda,27,1718,1994-11-17,2018-07-19,"Jan 31, 2022",0.502,23.66849315068493,27.054794520547944,N,N. Maeda,Nagoya Grampus,2020,38
Yasuki,Kimoto,28,1705,1993-08-06,2021-01-09,"Jan 31, 2022",0.499,27.427397260273974,28.336986301369862,Y,Y. Kimoto,Nagoya Grampus,2020,38
Yuki,Soma,24,1641,1997-02-25,2019-02-01,"Jan 31, 2022",0.48,21.934246575342467,24.78082191780822,Y,Y. Soma,Nagoya Grampus,2020,38
Yuichi,Maruyama,32,1495,1989-06-16,2018-07-16,"Jan 31, 2022",0.437,29.08219178082192,32.47671232876712,Y,Y. Maruyama,Nagoya Grampus,2020,38
Shumpei,Naruse,20,1438,2001-01-17,2019-02-01,"Jan 31, 2023",0.42,18.041095890410958,20.887671232876713,S,S. Naruse,Nagoya Grampus,2020,38
Kazuki,Nagasawa,29,1416,1991-12-16,2021-01-09,"Jan 31, 2022",0.414,29.065753424657533,29.975342465753425,K,K. Nagasawa,Nagoya Grampus,2020,38
Ryogo,Yamasaki,29,1214,1992-09-20,2020-01-05,"Jan 31, 2022",0.355,27.292349726775956,29.213698630136985,R,R. Yamasaki,Nagoya Grampus,2020,38
Min-tae,Kim,28,1069,1993-11-26,2021-08-11,"Jan 1, 2022",0.313,27.706849315068492,28.03013698630137,M,M. Kim,Nagoya Grampus,2020,38
Ryoya,Morishita,24,909,1997-04-11,2021-01-09,"Jan 31, 2022",0.266,23.747945205479454,24.65753424657534,R,R. Morishita,Nagoya Grampus,2020,38
Gabriel,Xavier,28,840,1993-07-15,2019-01-05,"Jan 1, 2022",0.246,25.476712328767125,28.397260273972602,G,G. Xavier,Nagoya Grampus,2020,38
Jakub,Swierczok,28,783,1992-12-28,2021-07-20,"Jan 31, 2024",0.229,28.55890410958904,28.942465753424656,J,J. Swierczok,Nagoya Grampus,2020,38
Manabu,Saito,31,701,1990-04-04,2021-01-09,"Jan 31, 2022",0.205,30.767123287671232,31.676712328767124,M,M. Saito,Nagoya Grampus,2020,38
Hiroyuki,Abe,32,243,1989-07-05,2020-01-04,"Jan 31, 2022",0.071,30.5,32.42465753424658,H,H. Abe,Nagoya Grampus,2020,38
Haruya,Fujii,20,124,2000-12-26,2019-02-01,"Jan 31, 2022",0.036,18.101369863013698,20.947945205479453,H,H. Fujii,Nagoya Grampus,2020,38
Mu,Kanazaki,32,101,1989-02-16,2021-02-01,"Jan 31, 2022",0.03,31.959016393442624,32.8054794520548,M,M. Kanazaki,Nagoya Grampus,2020,38
Gotoku,Sakai,30,3420,1991-03-14,2019-08-14,"Jan 31, 2022",1,28.418032786885245,30.734246575342464,G,G. Sakai,Vissel Kobe,2020,38
Ryuho,Kikuchi,24,3285,1996-12-09,2020-01-04,"Jan 31, 2023",0.961,23.07103825136612,24.994520547945207,R,R. Kikuchi,Vissel Kobe,2020,38
Hotaru,Yamaguchi,31,2762,1990-10-06,2019-01-01,"Jan 31, 2022",0.808,28.23835616438356,31.16986301369863,H,H. Yamaguchi,Vissel Kobe,2020,38
Sergi,Samper,26,2510,1995-01-20,2019-03-07,"Jan 31, 2022",0.734,24.126027397260273,26.87945205479452,S,S. Samper,Vissel Kobe,2020,38
Yuta,Goke,22,2451,1999-06-10,2018-02-01,"Jan 31, 2022",0.717,18.646575342465752,22.493150684931507,Y,Y. Goke,Vissel Kobe,2020,38
Thomas,Vermaelen,36,1991,1985-11-14,2019-07-27,"Jan 31, 2022",0.582,33.6986301369863,36.06301369863014,T,T. Vermaelen,Vissel Kobe,2020,38
Ryo,Hatsuse,24,1902,1997-07-10,2019-01-05,"Jan 31, 2022",0.556,21.49041095890411,24.410958904109588,R,R. Hatsuse,Vissel Kobe,2020,38
Kyogo,Furuhashi,26,1759,NA,NA,NA,0.514,NA,NA,K,K. Furuhashi,Vissel Kobe,2020,38
Tetsushi,Yamakawa,24,1707,1997-10-01,2020-02-01,"Jan 31, 2023",0.499,22.33606557377049,24.183561643835617,T,T. Yamakawa,Vissel Kobe,2020,38
Daiya,Maekawa,27,1682,1994-09-08,2017-02-04,"Jan 31, 2022",0.492,22.40821917808219,27.246575342465754,D,D. Maekawa,Vissel Kobe,2020,38
Hiroki,Iikura,35,1616,1986-06-01,2019-07-26,"Jan 31, 2022",0.473,33.150273224043715,35.51780821917808,H,H. Iikura,Vissel Kobe,2020,38
Andrés,Iniesta,37,1608,1984-05-11,2018-07-01,"Jan 31, 2024",0.47,34.13972602739726,37.57534246575342,A,A. Iniesta,Vissel Kobe,2020,38
Yuki,Kobayashi,21,1509,2000-07-18,2019-02-01,"Jan 31, 2023",0.441,18.542465753424658,21.389041095890413,Y,Y. Kobayashi,Vissel Kobe,2020,38
Yuya,Nakasaka,24,1398,1997-08-05,2016-02-01,"Jan 31, 2022",0.409,18.491803278688526,24.339726027397262,Y,Y. Nakasaka,Vissel Kobe,2020,38
NA,Douglas,33,1336,1987-12-30,2020-01-11,"Jan 31, 2022",0.391,32.032786885245905,33.93698630136986,,Douglas,Vissel Kobe,2020,38
Yoshinori,Muto,29,1183,1992-07-15,2021-08-07,"Jan 31, 2023",0.346,29.063013698630137,29.397260273972602,Y,Y. Muto,Vissel Kobe,2020,38
Daiju,Sasaki,22,1022,1999-09-17,2018-02-01,"Jan 31, 2022",0.299,18.375342465753423,22.221917808219178,D,D. Sasaki,Vissel Kobe,2020,38
Shion,Inoue,24,1014,1997-08-03,2021-01-09,"Jan 31, 2024",0.296,23.435616438356163,24.345205479452055,S,S. Inoue,Vissel Kobe,2020,38
Yuya,Osako,31,881,1990-05-18,2021-08-08,"Jan 31, 2023",0.258,31.224657534246575,31.556164383561644,Y,Y. Osako,Vissel Kobe,2020,38
Leo,Osaki,30,580,1991-07-08,2018-07-16,"Jan 31, 2022",0.17,27.02191780821918,30.416438356164385,L,L. Osaki,Vissel Kobe,2020,38
Asahi,Masuyama,24,399,NA,NA,NA,0.117,NA,NA,A,A. Masuyama,Vissel Kobe,2020,38
NA,Lincoln,20,329,2000-12-16,2021-01-20,"Jan 31, 2024",0.096,20.095890410958905,20.975342465753425,,Lincoln,Vissel Kobe,2020,38
Junya,Tanaka,34,254,1987-07-15,2017-01-06,"Jan 31, 2022",0.074,29.47945205479452,34.397260273972606,J,J. Tanaka,Vissel Kobe,2020,38
Noriaki,Fujimoto,32,223,NA,NA,NA,0.065,NA,NA,N,N. Fujimoto,Vissel Kobe,2020,38
Ayub,Masika,29,187,NA,NA,NA,0.055,NA,NA,A,A. Masika,Vissel Kobe,2020,38
Bojan,Krkic,31,159,1990-08-28,2021-08-09,"Jan 31, 2023",0.046,30.947945205479453,31.276712328767122,B,B. Krkic,Vissel Kobe,2020,38
Ryotaro,Hironaga,31,122,1990-01-09,2021-01-09,"Jan 31, 2022",0.036,31,31.90958904109589,R,R. Hironaga,Vissel Kobe,2020,38
Nagisa,Sakurauchi,32,93,1989-08-11,2021-01-09,"Jan 31, 2022",0.027,31.413698630136988,32.323287671232876,N,N. Sakurauchi,Vissel Kobe,2020,38
Yutaro,Oda,20,85,2001-08-12,2020-02-01,"Jan 31, 2023",0.025,18.472677595628415,20.32054794520548,Y,Y. Oda,Vissel Kobe,2020,38
Takuya,Yasui,23,68,NA,NA,NA,0.02,NA,NA,T,T. Yasui,Vissel Kobe,2020,38
Tatsunori,Sakurai,19,70,2002-07-26,2021-02-01,"Jan 31, 2022",0.02,18.52054794520548,19.367123287671234,T,T. Sakurai,Vissel Kobe,2020,38
Miki,Yamane,27,3318,1993-12-22,2020-01-04,"Jan 31, 2022",0.97,26.03551912568306,27.958904109589042,M,M. Yamane,Kawasaki Frontale,2020,38
Sung-ryong,Jung,36,2970,1985-01-04,2016-01-01,"Jan 1, 2022",0.868,30.991780821917807,36.92328767123288,S,S. Jung,Kawasaki Frontale,2020,38
Akihiro,Ienaga,35,2599,1986-06-13,2017-01-05,"Jan 31, 2022",0.76,30.564383561643837,35.484931506849314,A,A. Ienaga,Kawasaki Frontale,2020,38
Reo,Hatate,24,2526,1997-11-21,2020-02-01,"Jan 31, 2022",0.739,22.19672131147541,24.043835616438358,R,R. Hatate,Kawasaki Frontale,2020,38
Shogo,Taniguchi,30,2509,1991-07-15,2014-02-01,"Jan 31, 2022",0.734,22.55068493150685,30.397260273972602,S,S. Taniguchi,Kawasaki Frontale,2020,38
NA,Jesiel,27,2492,1994-03-05,2020-01-04,"Jan 31, 2022",0.729,25.833333333333332,27.75890410958904,,Jesiel,Kawasaki Frontale,2020,38
Kyohei,Noborizato,31,2311,1990-11-13,2009-02-01,"Jan 31, 2022",0.676,18.21917808219178,31.065753424657533,K,K. Noborizato,Kawasaki Frontale,2020,38
Leandro,Damião,32,2295,1989-07-22,2019-02-02,"Jan 1, 2023",0.671,29.534246575342465,32.37808219178082,L,L. Damião,Kawasaki Frontale,2020,38
Yasuto,Wakizaka,26,2259,1995-06-11,2018-02-01,"Jan 31, 2024",0.661,22.643835616438356,26.49041095890411,Y,Y. Wakizaka,Kawasaki Frontale,2020,38
João,Schmidt,28,1874,1993-05-19,2021-01-09,"Jan 31, 2022",0.548,27.643835616438356,28.553424657534247,J,J. Schmidt,Kawasaki Frontale,2020,38
Ao,Tanaka,23,1652,NA,NA,NA,0.483,NA,NA,A,A. Tanaka,Kawasaki Frontale,2020,38
Kento,Tachibanada,23,1577,1998-05-29,2021-02-01,"Jan 31, 2022",0.461,22.67945205479452,23.526027397260275,K,K. Tachibanada,Kawasaki Frontale,2020,38
Shintaro,Kurumaya,29,1565,1992-04-05,2015-02-01,"Jan 31, 2024",0.458,22.827397260273973,29.673972602739727,S,S. Kurumaya,Kawasaki Frontale,2020,38
Kaoru,Mitoma,24,1232,NA,NA,NA,0.36,NA,NA,K,K. Mitoma,Kawasaki Frontale,2020,38
Yu,Kobayashi,34,1146,1987-09-23,2010-02-01,"Jan 31, 2022",0.335,22.35890410958904,34.205479452054796,Y,Y. Kobayashi,Kawasaki Frontale,2020,38
Daiya,Tono,22,863,1999-03-14,2020-01-04,"Jan 31, 2022",0.252,20.80874316939891,22.734246575342464,D,D. Tono,Kawasaki Frontale,2020,38
Tatsuya,Hasegawa,27,817,1994-03-07,2016-02-01,"Jan 31, 2022",0.239,21.904371584699454,27.753424657534246,T,T. Hasegawa,Kawasaki Frontale,2020,38
Kazuya,Yamamura,32,738,1989-12-02,2019-01-05,"Jan 31, 2022",0.216,29.09315068493151,32.013698630136986,K,K. Yamamura,Kawasaki Frontale,2020,38
NA,Marcinho,26,706,1995-05-16,2021-08-13,"Jan 31, 2022",0.206,26.243835616438357,26.561643835616437,,Marcinho,Kawasaki Frontale,2020,38
Kei,Chinen,26,581,1995-03-17,2017-02-01,"Jan 31, 2022",0.17,21.87945205479452,26.726027397260275,K,K. Chinen,Kawasaki Frontale,2020,38
Kenta,Tanno,35,450,1986-08-30,2020-01-04,"Jan 31, 2022",0.132,33.34699453551912,35.271232876712325,K,K. Tanno,Kawasaki Frontale,2020,38
Ten,Miyagi,20,446,2001-06-02,2020-02-01,"Jan 31, 2023",0.13,18.666666666666668,20.515068493150686,T,T. Miyagi,Kawasaki Frontale,2020,38
Koki,Tsukagawa,27,270,1994-07-16,2021-01-09,"Jan 31, 2022",0.079,26.484931506849314,27.394520547945206,K,K. Tsukagawa,Kawasaki Frontale,2020,38
Ryota,Oshima,28,252,1993-01-23,2011-02-01,"Jan 31, 2022",0.074,18.024657534246575,28.87123287671233,R,R. Oshima,Kawasaki Frontale,2020,38
Zain,Issaka,24,90,1997-05-29,2020-02-01,"Jan 31, 2022",0.026,22.6775956284153,24.526027397260275,Z,Z. Issaka,Kawasaki Frontale,2020,38
Kazuki,Kozuka,27,71,1994-08-02,2021-01-09,"Jan 31, 2022",0.021,26.438356164383563,27.34794520547945,K,K. Kozuka,Kawasaki Frontale,2020,38
Jin-hyeon,Kim,34,3420,1987-07-06,2009-01-01,"Jan 31, 2022",1,21.49041095890411,34.42191780821918,J,J. Kim,Cerezo Osaka,2020,38
Riku,Matsuda,30,3060,1991-07-24,2016-01-08,"Jan 31, 2022",0.895,24.459016393442624,30.372602739726027,R,R. Matsuda,Cerezo Osaka,2020,38
Tatsuhiro,Sakamoto,25,2840,1996-10-22,2020-01-06,"Jan 31, 2022",0.83,23.207650273224044,25.126027397260273,T,T. Sakamoto,Cerezo Osaka,2020,38
Yusuke,Maruhashi,31,2836,1990-09-02,2009-02-01,"Jan 31, 2022",0.829,18.416438356164385,31.263013698630136,Y,Y. Maruhashi,Cerezo Osaka,2020,38
Hiroaki,Okuno,32,2729,1989-08-14,2019-01-04,"Jan 31, 2022",0.798,29.39178082191781,32.31506849315068,H,H. Okuno,Cerezo Osaka,2020,38
Ryuya,Nishio,20,2556,2001-05-16,2020-02-01,"Jan 31, 2023",0.747,18.71311475409836,20.561643835616437,R,R. Nishio,Cerezo Osaka,2020,38
Hiroshi,Kiyotake,32,2485,1989-11-12,2017-02-01,"Jan 31, 2024",0.727,27.221917808219178,32.06849315068493,H,H. Kiyotake,Cerezo Osaka,2020,38
Ayumu,Seko,21,2353,2000-06-07,2019-02-01,"Jan 31, 2024",0.688,18.654794520547945,21.5013698630137,A,A. Seko,Cerezo Osaka,2020,38
Riki,Harakawa,28,2016,1993-08-18,2021-01-09,"Jan 31, 2022",0.589,27.394520547945206,28.304109589041097,R,R. Harakawa,Cerezo Osaka,2020,38
Naoyuki,Fujita,34,1942,1987-06-22,2019-01-07,"Jan 31, 2022",0.568,31.545205479452054,34.46027397260274,N,N. Fujita,Cerezo Osaka,2020,38
Mutsuki,Kato,24,1617,1997-08-06,2021-01-09,"Jan 31, 2022",0.473,23.427397260273974,24.336986301369862,M,M. Kato,Cerezo Osaka,2020,38
Yoshito,Okubo,39,1410,1982-06-09,2021-01-09,"Jan 31, 2022",0.412,38.586301369863016,39.49589041095891,Y,Y. Okubo,Cerezo Osaka,2020,38
Yuta,Toyokawa,27,1308,1994-09-09,2020-01-04,"Jan 31, 2022",0.382,25.31967213114754,27.243835616438357,Y,Y. Toyokawa,Cerezo Osaka,2020,38
Tiago,Pagnussat,31,1123,1990-06-17,2021-04-02,"Jan 31, 2023",0.328,30.791780821917808,31.473972602739725,T,T. Pagnussat,Cerezo Osaka,2020,38
Ryosuke,Shindo,25,674,1996-06-07,2021-01-09,"Jan 31, 2022",0.197,24.59178082191781,25.5013698630137,R,R. Shindo,Cerezo Osaka,2020,38
Adam,Taggart,28,642,1993-06-02,2021-01-09,"Jan 31, 2022",0.188,27.605479452054794,28.515068493150686,A,A. Taggart,Cerezo Osaka,2020,38
Hiroto,Yamada,21,575,2000-03-07,2018-02-01,"Jan 31, 2022",0.168,17.90684931506849,21.753424657534246,H,H. Yamada,Cerezo Osaka,2020,38
Takashi,Inui,33,571,1988-06-02,2021-08-31,"Jan 31, 2024",0.167,33.24657534246575,33.515068493150686,T,T. Inui,Cerezo Osaka,2020,38
Toshiyuki,Takagi,30,568,1991-05-25,2018-01-06,"Jan 31, 2022",0.166,26.61917808219178,30.536986301369865,T,T. Takagi,Cerezo Osaka,2020,38
Jun,Nishikawa,19,546,2002-02-21,2020-02-01,"Jan 31, 2023",0.16,17.945205479452056,19.791780821917808,J,J. Nishikawa,Cerezo Osaka,2020,38
NA,Dankler,29,540,NA,NA,NA,0.158,NA,NA,,Dankler,Cerezo Osaka,2020,38
Riki,Matsuda,30,366,1991-07-24,2021-01-09,"Jan 31, 2022",0.107,29.463013698630135,30.372602739726027,R,R. Matsuda,Cerezo Osaka,2020,38
Motohiko,Nakajima,22,353,1999-04-18,2018-02-01,"Jan 31, 2022",0.103,18.791780821917808,22.638356164383563,M,M. Nakajima,Cerezo Osaka,2020,38
Naoto,Arai,25,298,1996-10-07,2021-01-09,"Jan 31, 2024",0.087,24.257534246575343,25.167123287671235,N,N. Arai,Cerezo Osaka,2020,38
Hinata,Kida,21,281,2000-07-04,2018-08-31,"Jan 31, 2022",0.082,18.15890410958904,21.427397260273974,H,H. Kida,Cerezo Osaka,2020,38
Yuta,Koike,25,264,1996-11-06,2020-01-11,"Jan 31, 2022",0.077,23.18032786885246,25.084931506849315,Y,Y. Koike,Cerezo Osaka,2020,38
Koji,Toriumi,26,110,1995-05-09,2021-01-09,"Jan 31, 2022",0.032,25.671232876712327,26.58082191780822,K,K. Toriumi,Cerezo Osaka,2020,38
Hirotaka,Tameda,28,45,1993-08-24,2021-01-09,"Jan 31, 2022",0.013,27.378082191780823,28.28767123287671,H,H. Tameda,Cerezo Osaka,2020,38
Haruki,Arai,23,44,1998-04-12,2021-07-01,"Jan 31, 2022",0.013,23.21917808219178,23.654794520547945,H,H. Arai,Cerezo Osaka,2020,38
Taishi,Matsumoto,23,27,NA,NA,NA,0.008,NA,NA,T,T. Matsumoto,Cerezo Osaka,2020,38
Shota,Fujio,20,3,NA,NA,NA,0.001,NA,NA,S,S. Fujio,Cerezo Osaka,2020,38
Koki,Machida,24,3042,1997-08-25,2016-02-01,"Jan 31, 2023",0.889,18.437158469945356,24.284931506849315,K,K. Machida,Kashima Antlers,2020,38
Yuya,Oki,22,2970,1999-08-22,2018-02-01,"Jan 31, 2022",0.868,18.446575342465753,22.293150684931508,Y,Y. Oki,Kashima Antlers,2020,38
Kento,Misao,25,2588,1996-04-16,2016-01-12,"Jan 31, 2022",0.757,19.740437158469945,25.643835616438356,K,K. Misao,Kashima Antlers,2020,38
Ryotaro,Araki,19,2293,2002-01-29,2020-02-01,"Jan 31, 2023",0.67,18.008196721311474,19.854794520547944,R,R. Araki,Kashima Antlers,2020,38
Shoma,Doi,29,2290,1992-05-21,2011-02-01,"Jan 31, 2023",0.67,18.7013698630137,29.54794520547945,S,S. Doi,Kashima Antlers,2020,38
Keigo,Tsunemoto,23,2132,1998-10-21,2021-02-01,"Jan 31, 2022",0.623,22.28219178082192,23.12876712328767,K,K. Tsunemoto,Kashima Antlers,2020,38
Tomoya,Inukai,28,2126,1993-05-12,2018-01-06,"Jan 31, 2023",0.622,24.654794520547945,28.572602739726026,T,T. Inukai,Kashima Antlers,2020,38
Katsuya,Nagato,26,2051,1995-01-15,2020-01-04,"Jan 31, 2022",0.6,24.96986301369863,26.893150684931506,K,K. Nagato,Kashima Antlers,2020,38
Diego,Pituca,29,1926,1992-08-15,2021-01-31,"Jan 31, 2024",0.563,28.463013698630135,29.312328767123287,D,D. Pituca,Kashima Antlers,2020,38
Léo,Silva,35,1767,1985-12-24,2017-01-01,"Jan 31, 2022",0.517,31.02191780821918,35.95342465753425,L,L. Silva,Kashima Antlers,2020,38
Ayase,Ueda,23,1754,1998-08-28,2019-07-26,"Jan 31, 2022",0.513,20.90958904109589,23.276712328767122,A,A. Ueda,Kashima Antlers,2020,38
Juan,Alano,25,1690,1996-09-02,2020-01-04,"Jan 31, 2022",0.494,23.338797814207652,25.263013698630136,J,J. Alano,Kashima Antlers,2020,38
NA,Everaldo,30,1550,1991-07-05,2020-01-04,"Jan 31, 2022",0.453,28.5,30.424657534246574,,Everaldo,Kashima Antlers,2020,38
Ikuma,Sekigawa,21,1117,2000-09-13,2019-02-01,"Jan 31, 2022",0.327,18.386301369863013,21.232876712328768,I,I. Sekigawa,Kashima Antlers,2020,38
Koki,Anzai,26,1116,1995-05-31,2021-07-20,"Jan 31, 2026",0.326,26.136986301369863,26.52054794520548,K,K. Anzai,Kashima Antlers,2020,38
Ryuji,Izumi,28,1038,1993-11-06,2020-01-04,"Jan 31, 2022",0.304,26.161202185792348,28.084931506849315,R,R. Izumi,Kashima Antlers,2020,38
Ryohei,Shirasaki,28,864,NA,NA,NA,0.253,NA,NA,R,R. Shirasaki,Kashima Antlers,2020,38
Kei,Koizumi,26,762,NA,NA,NA,0.223,NA,NA,K,K. Koizumi,Kashima Antlers,2020,38
Yuta,Matsumura,20,757,2001-04-13,2020-02-01,"Jan 31, 2023",0.221,18.80327868852459,20.65205479452055,Y,Y. Matsumura,Kashima Antlers,2020,38
Rikuto,Hirose,26,627,1995-09-23,2020-01-04,"Jan 31, 2022",0.183,24.281420765027324,26.205479452054796,R,R. Hirose,Kashima Antlers,2020,38
Yasushi,Endo,33,465,1988-04-07,2007-02-01,"Jan 31, 2022",0.136,18.82191780821918,33.66849315068493,Y,Y. Endo,Kashima Antlers,2020,38
Arthur,Caíke,29,461,1992-06-15,2021-01-31,"Jan 31, 2022",0.135,28.63013698630137,29.47945205479452,A,A. Caíke,Kashima Antlers,2020,38
Naoki,Hayashi,23,454,1998-06-09,2021-02-01,"Jan 31, 2022",0.133,22.649315068493152,23.495890410958904,N,N. Hayashi,Kashima Antlers,2020,38
Sun-tae,Kwon,37,450,1984-09-11,2017-01-28,"Jan 31, 2022",0.132,32.38082191780822,37.23835616438356,S,S. Kwon,Kashima Antlers,2020,38
Ryota,Nagaki,33,450,1988-06-04,2016-01-01,"Jan 31, 2022",0.132,27.57650273224044,33.50958904109589,R,R. Nagaki,Kashima Antlers,2020,38
Daiki,Sugioka,23,442,NA,NA,NA,0.129,NA,NA,D,D. Sugioka,Kashima Antlers,2020,38
Itsuki,Someno,20,199,2001-09-12,2020-02-01,"Jan 31, 2022",0.058,18.387978142076502,20.235616438356164,I,I. Someno,Kashima Antlers,2020,38
Yu,Funabashi,19,92,2002-07-12,2021-02-01,"Jan 31, 2024",0.027,18.55890410958904,19.405479452054795,Y,Y. Funabashi,Kashima Antlers,2020,38
NA,Bueno,26,75,1995-08-24,2016-01-12,"Jan 31, 2022",0.022,20.385245901639344,26.28767123287671,,Bueno,Kashima Antlers,2020,38
Yohei,Takaoka,25,2970,1996-03-16,2020-10-23,"Jan 31, 2022",0.868,24.605479452054794,25.72876712328767,Y,Y. Takaoka,Yokohama F. Marinos,2020,38
Thiago,Martins,26,2880,1995-03-17,2020-02-01,"Jan 31, 2022",0.842,24.87704918032787,26.726027397260275,T,T. Martins,Yokohama F. Marinos,2020,38
Daizen,Maeda,24,2812,1997-10-20,2021-02-01,"Jan 31, 2024",0.822,23.284931506849315,24.13150684931507,D,D. Maeda,Yokohama F. Marinos,2020,38
NA,Élber,29,2550,1992-05-27,2021-01-09,"Jan 31, 2024",0.746,28.621917808219177,29.53150684931507,,Élber,Yokohama F. Marinos,2020,38
Tomoki,Iwata,24,2460,1997-04-07,2021-01-09,"Jan 31, 2025",0.719,23.75890410958904,24.66849315068493,T,T. Iwata,Yokohama F. Marinos,2020,38
Ryuta,Koike,26,2295,1995-08-29,2020-05-29,"Jan 31, 2022",0.671,24.74863387978142,26.273972602739725,R,R. Koike,Yokohama F. Marinos,2020,38
Shinnosuke,Hatanaka,26,2239,1995-08-25,2018-08-14,"Jan 31, 2022",0.655,22.96986301369863,26.284931506849315,S,S. Hatanaka,Yokohama F. Marinos,2020,38
Takahiro,Ogihara,30,2197,1991-10-05,2017-01-07,"Jan 31, 2022",0.642,25.257534246575343,30.172602739726027,T,T. Ogihara,Yokohama F. Marinos,2020,38
Marcos,Júnior,28,2168,1993-01-19,2019-01-04,"Jan 31, 2023",0.634,25.958904109589042,28.882191780821916,M,M. Júnior,Yokohama F. Marinos,2020,38
Theerathon,Bunmathan,31,2009,1990-02-06,2020-01-04,"Dec 31, 2022",0.587,29.90958904109589,31.832876712328765,T,T. Bunmathan,Yokohama F. Marinos,2020,38
Takuya,Kida,27,1913,1994-08-23,2013-02-01,"Jan 31, 2022",0.559,18.443835616438356,27.29041095890411,T,T. Kida,Yokohama F. Marinos,2020,38
Teruhito,Nakagawa,29,1452,1992-07-27,2015-02-01,"Jan 31, 2022",0.425,22.517808219178082,29.364383561643837,T,T. Nakagawa,Yokohama F. Marinos,2020,38
Ken,Matsubara,28,1399,1993-02-16,2017-01-06,"Jan 31, 2022",0.409,23.887978142076502,28.805479452054794,K,K. Matsubara,Yokohama F. Marinos,2020,38
Léo,Ceará,26,1345,1995-02-03,2021-01-23,"Jan 31, 2022",0.393,25.969945355191257,26.84109589041096,L,L. Ceará,Yokohama F. Marinos,2020,38
Ado,Onaiwu,26,1265,NA,NA,NA,0.37,NA,NA,A,A. Onaiwu,Yokohama F. Marinos,2020,38
Jun,Amano,30,1125,1991-07-19,2014-02-01,"Jan 31, 2022",0.329,22.53972602739726,30.386301369863013,J,J. Amano,Yokohama F. Marinos,2020,38
Kota,Watanabe,23,1028,1998-10-18,2019-08-08,"Jan 31, 2022",0.301,20.805479452054794,23.136986301369863,K,K. Watanabe,Yokohama F. Marinos,2020,38
Takuya,Wada,31,739,1990-07-28,2020-02-01,"Jan 31, 2022",0.216,29.51366120218579,31.361643835616437,T,T. Wada,Yokohama F. Marinos,2020,38
Kota,Mizunuma,31,664,1990-02-22,2020-01-04,"Jan 31, 2022",0.194,29.865753424657534,31.78904109589041,K,K. Mizunuma,Yokohama F. Marinos,2020,38
Yuki,Saneto,32,646,1989-01-19,2020-03-23,"Jan 31, 2022",0.189,31.174863387978142,32.88219178082192,Y,Y. Saneto,Yokohama F. Marinos,2020,38
Ryo,Takano,27,470,NA,NA,NA,0.137,NA,NA,R,R. Takano,Yokohama F. Marinos,2020,38
Powell,Obinna,23,450,NA,NA,NA,0.132,NA,NA,P,P. Obinna,Yokohama F. Marinos,2020,38
Kenyu,Sugimoto,29,332,1992-11-18,2021-07-23,"Jan 31, 2022",0.097,28.676712328767124,29.052054794520547,K,K. Sugimoto,Yokohama F. Marinos,2020,38
Ryonosuke,Kabayama,19,73,NA,NA,NA,0.021,NA,NA,R,R. Kabayama,Yokohama F. Marinos,2020,38
Ryo,Miyaichi,28,41,1992-12-14,2021-07-12,-,0.012,28.575342465753426,28.980821917808218,R,R. Miyaichi,Yokohama F. Marinos,2020,38
Ryotaro,Tsunoda,22,22,1999-06-27,2021-07-12,"Jan 31, 2025",0.006,22.041095890410958,22.446575342465753,R,R. Tsunoda,Yokohama F. Marinos,2020,38
Shuichi,Gonda,32,3420,1989-03-03,2021-01-02,"Jan 31, 2022",1,31.835616438356166,32.76438356164383,S,S. Gonda,Shimizu S-Pulse,2020,38
NA,Thiago,28,3191,1993-02-04,2021-01-09,"Dec 31, 2023",0.933,27.92896174863388,28.838356164383562,,Thiago,Shimizu S-Pulse,2020,38
Teruki,Hara,23,2553,1998-07-30,2021-01-09,"Jan 31, 2022",0.746,22.446575342465753,23.356164383561644,T,T. Hara,Shimizu S-Pulse,2020,38
NA,Valdo,29,2517,1992-02-10,2020-01-15,"Jan 31, 2022",0.736,27.92876712328767,29.82191780821918,,Valdo,Shimizu S-Pulse,2020,38
Eiichi,Katayama,30,2465,1991-11-30,2021-01-09,"Jan 31, 2022",0.721,29.10958904109589,30.019178082191782,E,E. Katayama,Shimizu S-Pulse,2020,38
Yuito,Suzuki,20,2009,2001-10-25,2020-02-01,"Jan 31, 2023",0.587,18.270491803278688,20.117808219178084,Y,Y. Suzuki,Shimizu S-Pulse,2020,38
Yoshinori,Suzuki,29,1789,1992-09-11,2021-01-09,"Jan 31, 2022",0.523,28.328767123287673,29.23835616438356,Y,Y. Suzuki,Shimizu S-Pulse,2020,38
Ryo,Takeuchi,30,1677,1991-03-08,2009-02-01,"Jan 31, 2022",0.49,17.904109589041095,30.75068493150685,R,R. Takeuchi,Shimizu S-Pulse,2020,38
Katsuhiro,Nakayama,25,1563,1996-07-17,2021-01-09,"Jan 31, 2022",0.457,24.482191780821918,25.39178082191781,K,K. Nakayama,Shimizu S-Pulse,2020,38
Carlinhos,Junior,27,1377,1994-08-08,2020-02-20,"Jan 1, 2023",0.403,25.53551912568306,27.33150684931507,C,C. Junior,Shimizu S-Pulse,2020,38
Kenta,Nishizawa,25,1359,1996-09-06,2019-02-01,"Jan 31, 2022",0.397,22.405479452054795,25.252054794520546,K,K. Nishizawa,Shimizu S-Pulse,2020,38
Daiki,Matsuoka,20,1347,2001-06-01,2021-08-02,"Jan 31, 2022",0.394,20.16986301369863,20.517808219178082,D,D. Matsuoka,Shimizu S-Pulse,2020,38
Akira,Ibayashi,31,1336,1990-09-05,2021-07-12,"Jan 31, 2023",0.391,30.84931506849315,31.254794520547946,A,A. Ibayashi,Shimizu S-Pulse,2020,38
Kota,Miyamoto,25,1334,1996-06-19,2015-02-01,"Jan 31, 2022",0.39,18.621917808219177,25.46849315068493,K,K. Miyamoto,Shimizu S-Pulse,2020,38
Ryo,Okui,31,1272,1990-03-07,2020-01-08,"Jan 31, 2022",0.372,29.838797814207652,31.753424657534246,R,R. Okui,Shimizu S-Pulse,2020,38
Yugo,Tatsuta,23,1125,1998-06-21,2017-02-01,"Jan 31, 2023",0.329,18.616438356164384,23.463013698630135,Y,Y. Tatsuta,Shimizu S-Pulse,2020,38
Yosuke,Kawai,32,1115,1989-08-04,2012-02-01,"Jan 31, 2022",0.326,22.494535519125684,32.342465753424655,Y,Y. Kawai,Shimizu S-Pulse,2020,38
NA,Elsinho,32,926,1989-11-30,2019-01-10,"Jan 31, 2022",0.271,29.112328767123287,32.01917808219178,,Elsinho,Shimizu S-Pulse,2020,38
Keita,Nakamura,28,831,1993-06-30,2019-01-05,"Jan 31, 2022",0.243,25.517808219178082,28.438356164383563,K,K. Nakamura,Shimizu S-Pulse,2020,38
NA,Ronaldo,25,819,1996-10-23,2021-07-23,-,0.239,24.747945205479454,25.123287671232877,,Ronaldo,Shimizu S-Pulse,2020,38
Yusuke,Goto,28,680,1993-04-23,2020-01-04,"Jan 31, 2022",0.199,26.69945355191257,28.624657534246577,Y,Y. Goto,Shimizu S-Pulse,2020,38
Noriaki,Fujimoto,32,584,1989-08-19,2021-08-10,"Jan 31, 2022",0.171,31.975342465753425,32.3013698630137,N,N. Fujimoto,Shimizu S-Pulse,2020,38
Akira,Silvano,25,545,1996-04-02,2021-01-09,"Jan 31, 2024",0.159,24.77260273972603,25.682191780821917,A,A. Silvano,Shimizu S-Pulse,2020,38
Benjamin,Kololli,29,534,1992-05-15,2021-07-23,"Jan 31, 2024",0.156,29.18904109589041,29.564383561643837,B,B. Kololli,Shimizu S-Pulse,2020,38
Naoya,Fukumori,29,342,NA,NA,NA,0.1,NA,NA,N,N. Fukumori,Shimizu S-Pulse,2020,38
Yuta,Taki,22,313,1999-08-29,2018-02-01,"Jan 31, 2022",0.092,18.427397260273974,22.273972602739725,Y,Y. Taki,Shimizu S-Pulse,2020,38
Hiroshi,Ibusuki,30,169,1991-02-27,2021-01-09,"Jan 31, 2022",0.049,29.866120218579233,30.775342465753425,H,H. Ibusuki,Shimizu S-Pulse,2020,38
Shota,Kaneko,26,156,NA,NA,NA,0.046,NA,NA,S,S. Kaneko,Shimizu S-Pulse,2020,38
Reon,Yamahara,22,134,1999-06-08,2021-04-16,-,0.039,21.854794520547944,22.4986301369863,R,R. Yamahara,Shimizu S-Pulse,2020,38
Renato,Augusto,29,128,1992-01-29,2019-01-30,"Jan 31, 2022",0.037,27.002739726027396,29.854794520547944,R,R. Augusto,Shimizu S-Pulse,2020,38
Masato,Morishige,34,3033,1987-05-21,2010-01-04,"Jan 31, 2022",0.887,22.624657534246577,34.54794520547945,M,M. Morishige,FC Tokyo,2020,38
Shuto,Abe,24,2931,1997-12-05,2020-02-01,"Jan 31, 2022",0.857,22.15846994535519,24.005479452054793,S,S. Abe,FC Tokyo,2020,38
Go,Hatano,23,2790,1998-05-25,2017-02-01,"Jan 31, 2022",0.816,18.69041095890411,23.536986301369865,G,G. Hatano,FC Tokyo,2020,38
Ryoya,Ogawa,25,2518,1996-11-24,2015-02-01,"Jan 31, 2022",0.736,18.18904109589041,25.035616438356165,R,R. Ogawa,FC Tokyo,2020,38
Diego,Oliveira,31,2450,1990-06-22,2019-01-01,"Jan 31, 2022",0.716,28.528767123287672,31.46027397260274,D,D. Oliveira,FC Tokyo,2020,38
NA,Adaílton,31,2304,1990-12-06,2020-01-04,"Jan 31, 2022",0.674,29.079234972677597,31.002739726027396,,Adaílton,FC Tokyo,2020,38
Tsuyoshi,Watanabe,24,2266,1997-02-05,2019-02-01,"Jan 31, 2022",0.663,21.98904109589041,24.835616438356166,T,T. Watanabe,FC Tokyo,2020,38
Takuya,Aoki,32,2232,1989-09-16,2021-01-09,"Jan 31, 2022",0.653,31.315068493150687,32.224657534246575,T,T. Aoki,FC Tokyo,2020,38
Keigo,Higashi,31,2100,1990-07-20,2013-02-01,"Jan 31, 2022",0.614,22.536986301369865,31.383561643835616,K,K. Higashi,FC Tokyo,2020,38
Joan,Oumari,33,1552,1988-08-19,2020-01-10,"Jan 31, 2022",0.454,31.39344262295082,33.3013698630137,J,J. Oumari,FC Tokyo,2020,38
NA,Leandro,28,1452,1993-05-12,2021-01-09,"Jan 31, 2022",0.425,27.663013698630138,28.572602739726026,,Leandro,FC Tokyo,2020,38
Kensuke,Nagai,32,1449,1989-03-05,2017-01-06,"Jan 31, 2022",0.424,27.84109589041096,32.75890410958904,K,K. Nagai,FC Tokyo,2020,38
Kyosuke,Tagawa,22,1401,1999-02-11,2019-01-14,"Jan 31, 2022",0.41,19.923287671232877,22.81917808219178,K,K. Tagawa,FC Tokyo,2020,38
Takumi,Nakamura,20,1187,2001-03-16,2019-02-01,"Jan 31, 2022",0.347,17.882191780821916,20.72876712328767,T,T. Nakamura,FC Tokyo,2020,38
Hirotaka,Mita,31,1088,1990-09-14,2019-07-17,"Jan 31, 2022",0.318,28.838356164383562,31.23013698630137,H,H. Mita,FC Tokyo,2020,38
Yojiro,Takahagi,35,961,1986-08-02,2017-01-19,"Jan 31, 2022",0.281,30.465753424657535,35.347945205479455,Y,Y. Takahagi,FC Tokyo,2020,38
Yuto,Nagatomo,35,900,1986-09-12,2021-09-12,"Jan 31, 2023",0.263,35,35.23561643835617,Y,Y. Nagatomo,FC Tokyo,2020,38
Ryoma,Watanabe,25,801,1996-10-02,2021-01-09,"Jan 31, 2022",0.234,24.27123287671233,25.18082191780822,R,R. Watanabe,FC Tokyo,2020,38
Tsuyoshi,Kodama,33,630,1987-12-28,2019-01-04,"Jan 31, 2022",0.184,31.019178082191782,33.942465753424656,T,T. Kodama,FC Tokyo,2020,38
Makoto,Okazaki,23,527,1998-10-10,2017-02-01,"Jan 31, 2023",0.154,18.312328767123287,23.15890410958904,M,M. Okazaki,FC Tokyo,2020,38
Kashif,Bangunagande,20,493,2001-09-24,2020-02-01,"Jan 31, 2023",0.144,18.3551912568306,20.202739726027396,K,K. Bangunagande,FC Tokyo,2020,38
Takuya,Uchida,23,488,1998-06-02,2017-02-01,"Jan 31, 2022",0.143,18.66849315068493,23.515068493150686,T,T. Uchida,FC Tokyo,2020,38
Hotaka,Nakamura,24,481,1997-08-12,2020-02-01,"Jan 31, 2022",0.141,22.472677595628415,24.32054794520548,H,H. Nakamura,FC Tokyo,2020,38
Junya,Suzuki,25,428,1996-01-07,2021-07-12,"Jan 31, 2023",0.125,25.50958904109589,25.915068493150685,J,J. Suzuki,FC Tokyo,2020,38
Sodai,Hasukawa,23,367,1998-06-27,2021-02-01,"Jan 31, 2022",0.107,22.6,23.446575342465753,S,S. Hasukawa,FC Tokyo,2020,38
Arthur,Silva,26,280,NA,NA,NA,0.082,NA,NA,A,A. Silva,FC Tokyo,2020,38
Manato,Shinada,22,180,1999-09-19,2018-02-01,"Jan 31, 2022",0.053,18.36986301369863,22.216438356164385,M,M. Shinada,FC Tokyo,2020,38
Bruno,Uvini,30,49,1991-06-03,2021-01-29,"Jan 31, 2022",0.014,29.65753424657534,30.512328767123286,B,B. Uvini,FC Tokyo,2020,38
Rio,Omori,19,49,2002-07-21,2021-02-01,"Jan 31, 2024",0.014,18.534246575342465,19.38082191780822,R,R. Omori,FC Tokyo,2020,38
Shuto,Okaniwa,22,45,1999-09-16,2021-06-04,"Jan 31, 2022",0.013,21.715068493150685,22.224657534246575,S,S. Okaniwa,FC Tokyo,2020,38
Kazuya,Konno,24,46,1997-07-11,2020-02-01,"Jan 31, 2022",0.013,22.560109289617486,24.40821917808219,K,K. Konno,FC Tokyo,2020,38
Tsubasa,Terayama,21,3,2000-04-10,2021-09-28,-,0.001,21.46849315068493,21.660273972602738,T,T. Terayama,FC Tokyo,2020,38
Masaaki,Higashiguchi,35,3420,1986-05-12,2014-01-01,"Jan 31, 2022",1,27.64109589041096,35.57260273972603,M,M. Higashiguchi,Gamba Osaka,2020,38
Takashi,Usami,29,2523,1992-05-06,2019-07-01,"Jan 31, 2022",0.738,27.153005464480874,29.589041095890412,T,T. Usami,Gamba Osaka,2020,38
Gen,Shoji,28,2408,1992-12-11,2020-02-03,"Jan 31, 2025",0.704,27.147540983606557,28.98904109589041,G,G. Shoji,Gamba Osaka,2020,38
Genta,Miura,26,2250,1995-03-01,2017-01-06,"Jan 31, 2022",0.658,21.852054794520548,26.76986301369863,G,G. Miura,Gamba Osaka,2020,38
Shu,Kurata,33,2153,1988-11-23,2007-02-01,"Jan 31, 2022",0.63,18.19178082191781,33.038356164383565,S,S. Kurata,Gamba Osaka,2020,38
Yosuke,Ideguchi,25,2125,1996-08-23,2019-08-05,"Jan 31, 2022",0.621,22.95068493150685,25.29041095890411,Y,Y. Ideguchi,Gamba Osaka,2020,38
NA,Patric,34,2106,1987-10-26,2020-01-06,"Jan 31, 2022",0.616,32.19672131147541,34.11506849315069,,Patric,Gamba Osaka,2020,38
Kosuke,Onose,28,1967,1993-04-22,2018-07-31,"Jan 31, 2023",0.575,25.273972602739725,28.627397260273973,K,K. Onose,Gamba Osaka,2020,38
Yuki,Yamamoto,24,1743,1997-11-06,2020-02-01,"Jan 31, 2022",0.51,22.237704918032787,24.084931506849315,Y,Y. Yamamoto,Gamba Osaka,2020,38
Shunya,Suganuma,31,1699,1990-05-17,2018-01-04,"Jan 31, 2022",0.497,27.635616438356166,31.55890410958904,S,S. Suganuma,Gamba Osaka,2020,38
Shinya,Yajima,27,1561,1994-01-18,2018-01-04,"Jan 31, 2022",0.456,23.96164383561644,27.884931506849316,S,S. Yajima,Gamba Osaka,2020,38
Keisuke,Kurokawa,24,1463,1997-04-13,2020-02-01,"Jan 31, 2022",0.428,22.80327868852459,24.65205479452055,K,K. Kurokawa,Gamba Osaka,2020,38
Young-gwon,Kim,31,1425,1990-02-27,2019-01-26,"Jan 31, 2022",0.417,28.912328767123288,31.775342465753425,Y,Y. Kim,Gamba Osaka,2020,38
Hiroki,Fujiharu,33,1417,1988-11-28,2011-02-01,"Jan 31, 2022",0.414,22.17808219178082,33.02465753424657,H,H. Fujiharu,Gamba Osaka,2020,38
Kohei,Okuno,21,1384,2000-04-03,2019-02-01,"Jan 31, 2022",0.405,18.832876712328765,21.67945205479452,K,K. Okuno,Gamba Osaka,2020,38
Leandro,Pereira,30,1315,1991-07-03,2021-01-22,"Jan 31, 2022",0.385,29.556164383561644,30.43013698630137,L,L. Pereira,Gamba Osaka,2020,38
Se-jong,Ju,31,974,1990-10-30,2021-01-05,"Jan 31, 2022",0.285,30.183561643835617,31.104109589041094,S,S. Ju,Gamba Osaka,2020,38
Ryu,Takao,25,950,1996-11-09,2019-02-01,"Jan 31, 2022",0.278,22.23013698630137,25.076712328767123,R,R. Takao,Gamba Osaka,2020,38
Yuya,Fukuda,22,791,1999-04-04,2018-02-01,"Jan 31, 2022",0.231,18.83013698630137,22.676712328767124,Y,Y. Fukuda,Gamba Osaka,2020,38
Wellington,Silva,28,740,1993-01-06,2021-03-25,"Jan 31, 2022",0.216,28.213698630136985,28.91780821917808,W,W. Silva,Gamba Osaka,2020,38
Ko,Yanagisawa,25,689,1996-06-28,2021-07-25,"Jan 31, 2023",0.201,25.073972602739726,25.443835616438356,K,K. Yanagisawa,Gamba Osaka,2020,38
Yota,Sato,23,583,1998-09-10,2021-02-01,"Jan 31, 2022",0.17,22.394520547945206,23.24109589041096,Y,Y. Sato,Gamba Osaka,2020,38
Tiago,Alves,28,531,1993-01-12,2021-01-23,"Jan 31, 2022",0.155,28.03013698630137,28.9013698630137,T,T. Alves,Gamba Osaka,2020,38
Kazunari,Ichimi,24,517,NA,NA,NA,0.151,NA,NA,K,K. Ichimi,Gamba Osaka,2020,38
Dai,Tsukamoto,20,385,2001-06-23,2020-02-01,"Jan 31, 2023",0.113,18.60928961748634,20.457534246575342,D,D. Tsukamoto,Gamba Osaka,2020,38
Yuji,Ono,28,169,1992-12-22,2020-01-06,"Jan 31, 2022",0.049,27.040983606557376,28.958904109589042,Y,Y. Ono,Gamba Osaka,2020,38
Hiroto,Yamami,22,120,1999-08-16,2021-08-03,-,0.035,21.964383561643835,22.30958904109589,H,H. Yamami,Gamba Osaka,2020,38
Shuhei,Kawasaki,20,106,NA,NA,NA,0.031,NA,NA,S,S. Kawasaki,Gamba Osaka,2020,38
Haruto,Shirai,22,45,1999-10-23,2018-02-01,"Jan 31, 2022",0.013,18.276712328767122,22.123287671232877,H,H. Shirai,Gamba Osaka,2020,38
Jiro,Nakamura,18,1,2003-08-22,NA,-,0,NA,18.293150684931508,J,J. Nakamura,Gamba Osaka,2020,38
Taiyo,Koga,23,3325,1998-10-28,2017-02-01,"Jan 31, 2022",0.972,18.263013698630136,23.10958904109589,T,T. Koga,Kashiwa Reysol,2020,38
Seung-gyu,Kim,31,3150,1990-09-30,2020-01-10,"Jan 31, 2022",0.921,29.278688524590162,31.186301369863013,S,S. Kim,Kashiwa Reysol,2020,38
Takuma,Ominami,23,2607,1997-12-13,2020-01-04,"Jan 31, 2022",0.762,22.060109289617486,23.983561643835618,T,T. Ominami,Kashiwa Reysol,2020,38
NA,Cristiano,34,2482,1987-01-12,2016-06-26,"Dec 31, 2022",0.726,29.453551912568305,34.9013698630137,,Cristiano,Kashiwa Reysol,2020,38
Hiromu,Mitsumaru,28,2349,1993-07-06,2020-01-04,"Jan 31, 2022",0.687,26.497267759562842,28.421917808219177,H,H. Mitsumaru,Kashiwa Reysol,2020,38
Keiya,Shiihashi,24,1872,1997-06-20,2021-01-09,"Jan 31, 2022",0.547,23.556164383561644,24.465753424657535,K,K. Shiihashi,Kashiwa Reysol,2020,38
Takumi,Kamijima,24,1841,1997-02-05,2019-02-01,"Jan 31, 2022",0.538,21.98904109589041,24.835616438356166,T,T. Kamijima,Kashiwa Reysol,2020,38
NA,Richardson,30,1763,1991-08-17,2019-01-14,"Dec 31, 2021",0.515,27.410958904109588,30.306849315068494,,Richardson,Kashiwa Reysol,2020,38
Hayato,Nakama,29,1436,1992-05-16,2020-01-04,"Jan 31, 2022",0.42,27.636612021857925,29.561643835616437,H,H. Nakama,Kashiwa Reysol,2020,38
Ataru,Esaka,29,1328,NA,NA,NA,0.388,NA,NA,A,A. Esaka,Kashiwa Reysol,2020,38
Yuta,Kamiya,24,1254,1997-04-24,2020-02-01,"Jan 31, 2022",0.367,22.773224043715846,24.621917808219177,Y,Y. Kamiya,Kashiwa Reysol,2020,38
Shunki,Takahashi,31,1126,1990-05-04,2019-01-05,"Jan 31, 2022",0.329,28.673972602739727,31.594520547945205,S,S. Takahashi,Kashiwa Reysol,2020,38
Matheus,Savio,24,1105,1997-04-15,2020-01-04,"Dec 31, 2022",0.323,22.721311475409838,24.646575342465752,M,M. Savio,Kashiwa Reysol,2020,38
Mao,Hosoya,20,1086,2001-09-07,2020-02-01,"Jan 31, 2023",0.318,18.401639344262296,20.24931506849315,M,M. Hosoya,Kashiwa Reysol,2020,38
NA,Dodi,25,1074,1996-04-17,2021-01-15,"Jan 31, 2022",0.314,24.747945205479454,25.64109589041096,,Dodi,Kashiwa Reysol,2020,38
Naoki,Kawaguchi,27,1043,1994-05-24,2020-02-01,"Jan 31, 2022",0.305,25.69125683060109,27.53972602739726,N,N. Kawaguchi,Kashiwa Reysol,2020,38
Yusuke,Segawa,27,1036,1994-02-07,2018-01-09,"Jan 31, 2022",0.303,23.92054794520548,27.83013698630137,Y,Y. Segawa,Kashiwa Reysol,2020,38
Yuji,Takahashi,28,882,1993-04-11,2020-01-04,"Jan 31, 2023",0.258,26.73224043715847,28.65753424657534,Y,Y. Takahashi,Kashiwa Reysol,2020,38
Sachiro,Toshima,26,810,1995-09-26,2020-01-04,"Jan 31, 2022",0.237,24.273224043715846,26.197260273972603,S,S. Toshima,Kashiwa Reysol,2020,38
Masatoshi,Mihara,33,708,1988-08-02,2020-02-01,"Jan 31, 2022",0.207,31.5,33.347945205479455,M,M. Mihara,Kashiwa Reysol,2020,38
Hiroto,Goya,27,706,NA,NA,NA,0.206,NA,NA,H,H. Goya,Kashiwa Reysol,2020,38
Yuta,Someya,35,689,1986-09-30,2019-01-07,"Jan 31, 2022",0.201,32.271232876712325,35.18630136986302,Y,Y. Someya,Kashiwa Reysol,2020,38
Yuki,Muto,33,686,1988-11-07,2021-07-12,"Jan 31, 2023",0.201,32.676712328767124,33.082191780821915,Y,Y. Muto,Kashiwa Reysol,2020,38
Kengo,Kitazume,29,667,1992-04-30,2020-01-04,"Jan 31, 2022",0.195,27.68032786885246,29.605479452054794,K,K. Kitazume,Kashiwa Reysol,2020,38
Emerson,Santos,26,573,1995-04-05,2021-03-12,"Jan 1, 2025",0.168,25.934246575342467,26.673972602739727,E,E. Santos,Kashiwa Reysol,2020,38
Pedro,Raul,25,547,NA,NA,NA,0.16,NA,NA,P,P. Raul,Kashiwa Reysol,2020,38
Ippei,Shinozuka,26,395,1995-03-20,2021-01-09,"Jan 31, 2022",0.115,25.80821917808219,26.71780821917808,I,I. Shinozuka,Kashiwa Reysol,2020,38
Rodrigo,Angelotti,23,367,1998-04-27,2021-01-15,"Jan 31, 2022",0.107,22.720547945205478,23.613698630136987,R,R. Angelotti,Kashiwa Reysol,2020,38
Masato,Sasaki,19,270,2002-05-01,2021-02-01,"Jan 31, 2024",0.079,18.756164383561643,19.602739726027398,M,M. Sasaki,Kashiwa Reysol,2020,38
Hidekazu,Otani,37,172,1984-11-06,2003-02-01,"Jan 31, 2022",0.05,18.23835616438356,37.084931506849315,H,H. Otani,Kashiwa Reysol,2020,38
Tatsuya,Yamashita,34,116,1987-11-07,2019-08-12,"Jan 31, 2022",0.034,31.76164383561644,34.082191780821915,T,T. Yamashita,Kashiwa Reysol,2020,38
Fumiya,Unoki,20,37,2001-07-04,2020-02-01,"Jan 31, 2023",0.011,18.579234972677597,20.427397260273974,F,F. Unoki,Kashiwa Reysol,2020,38
Yuto,Yamada,21,6,2000-05-17,2019-02-01,"Jan 31, 2022",0.002,18.71232876712329,21.55890410958904,Y,Y. Yamada,Kashiwa Reysol,2020,38
Hayato,Araki,25,3206,1996-08-07,2019-02-01,"Jan 31, 2023",0.937,22.487671232876714,25.334246575342465,H,H. Araki,Sanfrecce Hiroshima,2020,38
Yuki,Nogami,30,3043,1991-04-20,2016-07-11,"Jan 31, 2024",0.89,25.224657534246575,30.632876712328766,Y,Y. Nogami,Sanfrecce Hiroshima,2020,38
Sho,Sasaki,32,2588,1989-10-02,2015-01-10,"Jan 31, 2022",0.757,25.273972602739725,32.18082191780822,S,S. Sasaki,Sanfrecce Hiroshima,2020,38
Toshihiro,Aoyama,35,2513,1986-02-22,2004-02-01,"Jan 31, 2022",0.735,17.942465753424656,35.78904109589041,T,T. Aoyama,Sanfrecce Hiroshima,2020,38
Shunki,Higashi,21,2475,2000-07-28,2018-09-02,"Jan 31, 2022",0.724,18.0986301369863,21.361643835616437,S,S. Higashi,Sanfrecce Hiroshima,2020,38
Keisuke,Osako,22,2430,1999-07-28,2018-02-01,"Jan 31, 2022",0.711,18.515068493150686,22.361643835616437,K,K. Osako,Sanfrecce Hiroshima,2020,38
Tsukasa,Morishima,24,2123,1997-04-25,2016-02-01,"Jan 31, 2023",0.621,18.770491803278688,24.61917808219178,T,T. Morishima,Sanfrecce Hiroshima,2020,38
Júnior,Santos,27,1939,1994-10-11,2021-02-01,"Jan 31, 2022",0.567,26.30958904109589,27.156164383561645,J,J. Santos,Sanfrecce Hiroshima,2020,38
Yuya,Asano,24,1921,1997-02-17,2019-08-15,"Jan 31, 2024",0.562,22.49041095890411,24.802739726027397,Y,Y. Asano,Sanfrecce Hiroshima,2020,38
Tomoya,Fujii,23,1857,1998-12-04,2021-02-01,"Jan 31, 2024",0.543,22.161643835616438,23.008219178082193,T,T. Fujii,Sanfrecce Hiroshima,2020,38
NA,Ezequiel,23,1782,1998-03-09,2020-01-11,"Jan 1, 2022",0.521,21.84153005464481,23.747945205479454,,Ezequiel,Sanfrecce Hiroshima,2020,38
Yoshifumi,Kashiwa,34,1634,1987-07-28,2014-01-06,"Jan 31, 2022",0.478,26.443835616438356,34.36164383561644,Y,Y. Kashiwa,Sanfrecce Hiroshima,2020,38
Hayao,Kawabe,26,1602,NA,NA,NA,0.468,NA,NA,H,H. Kawabe,Sanfrecce Hiroshima,2020,38
NA,Rhayner,31,1409,1990-09-05,2021-02-01,"Jan 1, 2022",0.412,30.40821917808219,31.254794520547946,,Rhayner,Sanfrecce Hiroshima,2020,38
Douglas,Vieira,34,1160,1987-11-12,2019-01-05,"Jan 31, 2022",0.339,31.147945205479452,34.06849315068493,D,D. Vieira,Sanfrecce Hiroshima,2020,38
Kosei,Shibasaki,37,1108,1984-08-28,2014-01-07,"Jan 31, 2022",0.324,29.361643835616437,37.276712328767125,K,K. Shibasaki,Sanfrecce Hiroshima,2020,38
Yuta,Imazu,26,1026,1995-07-08,2021-01-09,"Jan 31, 2022",0.3,25.506849315068493,26.416438356164385,Y,Y. Imazu,Sanfrecce Hiroshima,2020,38
Takuto,Hayashi,39,990,1982-08-09,2014-01-05,"Jan 31, 2022",0.289,31.40821917808219,39.32876712328767,T,T. Hayashi,Sanfrecce Hiroshima,2020,38
Yusuke,Chajima,30,737,1991-07-20,2014-02-01,"Jan 31, 2022",0.215,22.536986301369865,30.383561643835616,Y,Y. Chajima,Sanfrecce Hiroshima,2020,38
Shun,Ayukawa,20,599,2001-09-15,2020-02-01,"Jan 31, 2023",0.175,18.379781420765028,20.22739726027397,S,S. Ayukawa,Sanfrecce Hiroshima,2020,38
Yoichi,Naganuma,24,372,1997-04-14,2016-02-01,"Jan 31, 2022",0.109,18.80054644808743,24.649315068493152,Y,Y. Naganuma,Sanfrecce Hiroshima,2020,38
Taishi,Matsumoto,23,318,1998-08-22,2017-02-01,"Jan 31, 2023",0.093,18.446575342465753,23.293150684931508,T,T. Matsumoto,Sanfrecce Hiroshima,2020,38
Tsukasa,Shiotani,33,308,1988-12-05,2021-10-01,"Jan 31, 2022",0.09,32.821917808219176,33.00547945205479,T,T. Shiotani,Sanfrecce Hiroshima,2020,38
Kodai,Dohi,20,128,2001-04-13,2020-02-01,"Jan 31, 2023",0.037,18.80327868852459,20.65205479452055,K,K. Dohi,Sanfrecce Hiroshima,2020,38
Akira,Ibayashi,31,97,NA,NA,NA,0.028,NA,NA,A,A. Ibayashi,Sanfrecce Hiroshima,2020,38
Kohei,Shimizu,32,90,1989-04-30,2020-02-01,"Jan 31, 2022",0.026,30.756830601092897,32.605479452054794,K,K. Shimizu,Sanfrecce Hiroshima,2020,38
Ryo,Nagai,30,45,1991-05-23,2020-01-04,"Jan 31, 2022",0.013,28.617486338797814,30.542465753424658,R,R. Nagai,Sanfrecce Hiroshima,2020,38
Jelani,Reshaun,24,9,1997-10-05,2021-07-12,"Jan 31, 2023",0.003,23.767123287671232,24.172602739726027,J,J. Reshaun,Sanfrecce Hiroshima,2020,38
Hiroyuki,Mae,26,3339,1995-08-01,2020-01-04,"Jan 31, 2022",0.976,24.42622950819672,26.350684931506848,H,H. Mae,Avispa Fukuoka,2020,38
Masaaki,Murakami,29,3330,1992-08-07,2020-02-01,"Jan 31, 2022",0.974,27.48633879781421,29.334246575342465,M,M. Murakami,Avispa Fukuoka,2020,38
Douglas,Grolli,32,2700,1989-10-05,2020-02-18,"Jan 31, 2022",0.789,30.371584699453553,32.172602739726024,D,D. Grolli,Avispa Fukuoka,2020,38
Emil,Salomonsson,32,2586,1989-04-28,2021-01-09,"Jan 31, 2022",0.756,31.7013698630137,32.61095890410959,E,E. Salomonsson,Avispa Fukuoka,2020,38
Takaaki,Shichi,27,2366,1993-12-27,2021-01-09,"Jan 31, 2022",0.692,27.035616438356165,27.945205479452056,T,T. Shichi,Avispa Fukuoka,2020,38
Takeshi,Kanamori,27,2196,1994-04-04,2021-02-18,"Jan 31, 2022",0.642,26.876712328767123,27.676712328767124,T,T. Kanamori,Avispa Fukuoka,2020,38
Tatsuki,Nara,28,2073,1993-09-19,2021-02-01,"Jan 31, 2022",0.606,27.36986301369863,28.216438356164385,T,T. Nara,Avispa Fukuoka,2020,38
Daiki,Miya,25,1939,1996-04-01,2021-01-09,"Jan 31, 2022",0.567,24.775342465753425,25.684931506849313,D,D. Miya,Avispa Fukuoka,2020,38
Yuya,Yamagishi,28,1856,1993-08-29,2020-10-06,"Jan 31, 2022",0.543,27.104109589041094,28.273972602739725,Y,Y. Yamagishi,Avispa Fukuoka,2020,38
Juanma,Delgado,31,1527,1990-11-17,2020-01-04,"Jan 31, 2022",0.446,29.131147540983605,31.054794520547944,J,J. Delgado,Avispa Fukuoka,2020,38
Taro,Sugimoto,25,1498,1996-02-12,2021-01-09,"Jan 31, 2022",0.438,24.907103825136613,25.816438356164383,T,T. Sugimoto,Avispa Fukuoka,2020,38
Masato,Yuzawa,28,1430,1993-10-10,2020-01-04,"Jan 31, 2022",0.418,26.23497267759563,28.15890410958904,M,M. Yuzawa,Avispa Fukuoka,2020,38
Sotan,Tanabe,31,1352,1990-04-06,2019-01-01,"Jan 31, 2022",0.395,28.73972602739726,31.671232876712327,S,S. Tanabe,Avispa Fukuoka,2020,38
Takuya,Shigehiro,26,1313,1995-05-05,2020-01-04,"Jan 31, 2022",0.384,24.666666666666668,26.59178082191781,T,T. Shigehiro,Avispa Fukuoka,2020,38
Bruno,Mendes,27,1223,1994-08-02,2021-02-01,"Jan 31, 2022",0.358,26.5013698630137,27.34794520547945,B,B. Mendes,Avispa Fukuoka,2020,38
Jordy,Croux,27,1093,1994-01-15,2021-01-08,"Jan 31, 2023",0.32,26.98087431693989,27.893150684931506,J,J. Croux,Avispa Fukuoka,2020,38
Shun,Nakamura,27,993,1994-02-24,2021-07-13,-,0.29,27.38082191780822,27.783561643835615,S,S. Nakamura,Avispa Fukuoka,2020,38
Daiki,Watari,28,951,1993-06-25,2021-01-09,"Jan 31, 2022",0.278,27.542465753424658,28.45205479452055,D,D. Watari,Avispa Fukuoka,2020,38
Daisuke,Ishizu,31,783,1990-01-15,2012-02-01,"Jan 31, 2022",0.229,22.046448087431695,31.893150684931506,D,D. Ishizu,Avispa Fukuoka,2020,38
Naoki,Wako,32,577,1989-11-26,2018-01-05,"Jan 31, 2022",0.169,28.10958904109589,32.03013698630137,N,N. Wako,Avispa Fukuoka,2020,38
John,Mary,28,544,1993-03-09,2021-02-26,"Dec 31, 2021",0.159,27.96986301369863,28.747945205479454,J,J. Mary,Avispa Fukuoka,2020,38
NA,Cauê,32,529,1989-05-24,2021-02-15,"Jan 31, 2022",0.155,31.731506849315068,32.53972602739726,,Cauê,Avispa Fukuoka,2020,38
Carlos,Gutiérrez,30,421,1991-11-04,2020-01-09,"Jan 31, 2022",0.123,28.18032786885246,30.09041095890411,C,C. Gutiérrez,Avispa Fukuoka,2020,38
Masakazu,Yoshioka,26,332,1995-03-09,2021-01-12,"Jan 31, 2022",0.097,25.846575342465755,26.747945205479454,M,M. Yoshioka,Avispa Fukuoka,2020,38
Hisashi,Jogo,35,258,1986-04-16,2005-02-01,"Jan 31, 2022",0.075,18.797260273972604,35.64383561643836,H,H. Jogo,Avispa Fukuoka,2020,38
Kennedy,Egbus,21,133,NA,NA,NA,0.039,NA,NA,K,K. Egbus,Avispa Fukuoka,2020,38
Rikihiro,Sugiyama,34,90,1987-05-01,2017-01-06,"Jan 31, 2022",0.026,29.684931506849313,34.602739726027394,R,R. Sugiyama,Avispa Fukuoka,2020,38
Yuji,Kitajima,21,71,2000-08-04,2019-02-01,"Jan 31, 2022",0.021,18.495890410958904,21.34246575342466,Y,Y. Kitajima,Avispa Fukuoka,2020,38
Ken,Iwao,33,3145,1988-04-18,2016-02-01,"Jan 31, 2022",0.92,27.7896174863388,33.63835616438356,K,K. Iwao,Tokushima Vortis,2020,38
Takeru,Kishimoto,24,3111,1997-07-16,2019-08-15,"Jan 31, 2022",0.91,22.081967213114755,24.394520547945206,T,T. Kishimoto,Tokushima Vortis,2020,38
Naoto,Kamifukumoto,32,3060,1989-11-17,2020-01-08,"Jan 31, 2022",0.895,30.14207650273224,32.054794520547944,N,N. Kamifukumoto,Tokushima Vortis,2020,38
Taisei,Miyashiro,21,2556,2000-05-26,2021-02-01,"Jan 31, 2022",0.747,20.687671232876713,21.534246575342465,T,T. Miyashiro,Tokushima Vortis,2020,38
Yuki,Kakita,24,2351,1997-07-14,2020-02-01,"Jan 31, 2022",0.687,22.55191256830601,24.4,Y,Y. Kakita,Tokushima Vortis,2020,38
NA,Cacá,22,2276,1999-04-25,2021-02-14,"Jan 31, 2025",0.665,21.80821917808219,22.61917808219178,,Cacá,Tokushima Vortis,2020,38
Shota,Fukuoka,26,2276,1995-10-24,2019-01-05,"Jan 31, 2022",0.665,23.2,26.12054794520548,S,S. Fukuoka,Tokushima Vortis,2020,38
NA,Diego,26,2131,1995-09-21,2019-01-01,"Jan 31, 2022",0.623,23.279452054794522,26.21095890410959,,Diego,Tokushima Vortis,2020,38
Tokuma,Suzuki,24,2040,1997-03-12,2019-02-01,"Jan 31, 2022",0.596,21.893150684931506,24.73972602739726,T,T. Suzuki,Tokushima Vortis,2020,38
Kazuki,Nishiya,28,1545,1993-10-05,2020-01-05,"Jan 31, 2022",0.452,26.25136612021858,28.172602739726027,K,K. Nishiya,Tokushima Vortis,2020,38
Joel,Chima,19,1473,2002-02-16,2021-01-13,"Jan 31, 2022",0.431,18.907103825136613,19.805479452054794,J,J. Chima,Tokushima Vortis,2020,38
Masaki,Watai,22,1287,1999-07-18,2018-02-01,"Jan 31, 2022",0.376,18.542465753424658,22.389041095890413,M,M. Watai,Tokushima Vortis,2020,38
Koki,Sugimori,24,1139,1997-04-05,2021-02-01,"Jan 31, 2022",0.333,23.827397260273973,24.673972602739727,K,K. Sugimori,Tokushima Vortis,2020,38
Akira,Hamashita,26,1042,1995-07-05,2020-01-04,"Jan 31, 2022",0.305,24.5,26.424657534246574,A,A. Hamashita,Tokushima Vortis,2020,38
Yudai,Konishi,23,953,1998-04-18,2017-02-01,"Jan 31, 2022",0.279,18.791780821917808,23.638356164383563,Y,Y. Konishi,Tokushima Vortis,2020,38
Shiryu,Fujiwara,21,921,2000-09-05,2019-02-01,"Jan 31, 2022",0.269,18.40821917808219,21.254794520547946,S,S. Fujiwara,Tokushima Vortis,2020,38
Hidenori,Ishii,36,816,1985-09-23,2015-01-08,"Jan 31, 2022",0.239,29.293150684931508,36.205479452054796,H,H. Ishii,Tokushima Vortis,2020,38
Dusan,Cvetinovic,32,790,1988-12-24,2020-01-10,"Jan 31, 2022",0.231,31.046448087431695,32.95342465753425,D,D. Cvetinovic,Tokushima Vortis,2020,38
Taiki,Tamukai,29,594,1992-03-24,2019-01-05,"Jan 31, 2022",0.174,26.786301369863015,29.706849315068492,T,T. Tamukai,Tokushima Vortis,2020,38
Cristian,Battocchio,29,562,NA,NA,NA,0.164,NA,NA,C,C. Battocchio,Tokushima Vortis,2020,38
Mushaga,Bakenga,29,503,1992-08-08,2021-08-06,"Jan 31, 2023",0.147,28.994520547945207,29.33150684931507,M,M. Bakenga,Tokushima Vortis,2020,38
Daisei,Suzuki,25,495,1996-05-28,2019-02-01,"Jan 31, 2022",0.145,22.682191780821917,25.528767123287672,D,D. Suzuki,Tokushima Vortis,2020,38
Seiya,Fujita,34,424,1987-06-02,2019-02-01,"Jan 31, 2022",0.124,31.66849315068493,34.515068493150686,S,S. Fujita,Tokushima Vortis,2020,38
Kazunari,Ichimi,24,399,1997-11-10,2021-08-11,"Jan 31, 2023",0.117,23.75068493150685,24.073972602739726,K,K. Ichimi,Tokushima Vortis,2020,38
Noriki,Fuke,24,373,1997-07-22,2020-02-01,"Jan 31, 2022",0.109,22.530054644808743,24.378082191780823,N,N. Fuke,Tokushima Vortis,2020,38
Atsushi,Kawata,29,367,NA,NA,NA,0.107,NA,NA,A,A. Kawata,Tokushima Vortis,2020,38
Toru,Hasegawa,32,360,1988-12-11,2012-02-01,"Jan 31, 2022",0.105,23.14207650273224,32.989041095890414,T,T. Hasegawa,Tokushima Vortis,2020,38
Takashi,Abe,24,328,NA,NA,NA,0.096,NA,NA,T,T. Abe,Tokushima Vortis,2020,38
Taiyo,Nishino,19,104,2002-08-10,2021-02-01,"Jan 31, 2024",0.03,18.47945205479452,19.326027397260273,T,T. Nishino,Tokushima Vortis,2020,38
Chie,Edoojon,23,54,1998-04-21,2017-02-01,"Jan 31, 2022",0.016,18.783561643835615,23.63013698630137,C,C. Edoojon,Tokushima Vortis,2020,38
Kohei,Uchida,28,47,1993-05-19,2018-01-04,"Jan 31, 2022",0.014,24.63013698630137,28.553424657534247,K,K. Uchida,Tokushima Vortis,2020,38
Akihiro,Sato,35,42,1986-10-22,2015-01-05,"Jan 31, 2022",0.012,28.205479452054796,35.12602739726027,A,A. Sato,Tokushima Vortis,2020,38
Shunta,Tanaka,24,3285,1997-05-26,2020-02-01,"Jan 31, 2024",0.961,22.685792349726775,24.534246575342465,S,S. Tanaka,Hokkaido Consadole Sapporo,2020,38
Takanori,Sugeno,37,3240,1984-05-03,2020-02-01,"Jan 31, 2022",0.947,35.74863387978142,37.5972602739726,T,T. Sugeno,Hokkaido Consadole Sapporo,2020,38
Takuro,Kaneko,24,3212,1997-07-30,2020-02-01,"Jan 31, 2025",0.939,22.508196721311474,24.356164383561644,T,T. Kaneko,Hokkaido Consadole Sapporo,2020,38
Yoshiaki,Komai,29,3154,1992-06-06,2019-02-01,"Jan 31, 2022",0.922,26.65753424657534,29.504109589041096,Y,Y. Komai,Hokkaido Consadole Sapporo,2020,38
Akito,Fukumori,28,2799,1992-12-16,2017-02-01,"Jan 31, 2025",0.818,24.12876712328767,28.975342465753425,A,A. Fukumori,Hokkaido Consadole Sapporo,2020,38
Tomoki,Takamine,23,2635,1997-12-29,2020-02-01,"Jan 31, 2022",0.77,22.092896174863387,23.93972602739726,T,T. Takamine,Hokkaido Consadole Sapporo,2020,38
Hiroki,Miyazawa,32,2423,1989-06-28,2008-02-01,"Jan 31, 2022",0.708,18.595628415300546,32.443835616438356,H,H. Miyazawa,Hokkaido Consadole Sapporo,2020,38
Tsuyoshi,Ogashiwa,23,2341,1998-07-09,2021-02-01,"Jan 31, 2024",0.685,22.567123287671233,23.413698630136988,T,T. Ogashiwa,Hokkaido Consadole Sapporo,2020,38
Daiki,Suga,23,2239,1998-09-10,2017-02-01,"Jan 31, 2022",0.655,18.394520547945206,23.24109589041096,D,D. Suga,Hokkaido Consadole Sapporo,2020,38
Chanathip,Songkrasin,28,1860,1993-10-05,2019-02-01,"Jan 31, 2025",0.544,25.326027397260273,28.172602739726027,C,C. Songkrasin,Hokkaido Consadole Sapporo,2020,38
Ryota,Aoki,25,1753,1996-03-06,2021-02-01,"Jan 31, 2022",0.513,24.90958904109589,25.756164383561643,R,R. Aoki,Hokkaido Consadole Sapporo,2020,38
Lucas,Fernandes,27,1728,1994-04-24,2020-01-06,"Jan 31, 2022",0.505,25.702185792349727,27.621917808219177,L,L. Fernandes,Hokkaido Consadole Sapporo,2020,38
Takuma,Arano,28,1329,1993-04-20,2012-02-01,"Jan 31, 2022",0.389,18.784153005464482,28.632876712328766,T,T. Arano,Hokkaido Consadole Sapporo,2020,38
Anderson,Lopes,28,1218,NA,NA,NA,0.356,NA,NA,A,A. Lopes,Hokkaido Consadole Sapporo,2020,38
Kazuki,Fukai,26,1082,1995-03-11,2013-02-01,"Jan 31, 2022",0.316,17.895890410958906,26.742465753424657,K,K. Fukai,Hokkaido Consadole Sapporo,2020,38
Jay,Bothroyd,39,868,1982-05-07,2017-07-01,"Jan 31, 2022",0.254,35.15068493150685,39.586301369863016,J,J. Bothroyd,Hokkaido Consadole Sapporo,2020,38
Min-tae,Kim,28,629,NA,NA,NA,0.184,NA,NA,M,M. Kim,Hokkaido Consadole Sapporo,2020,38
Daihachi,Okamura,24,456,1997-02-15,2021-01-09,"Jan 31, 2022",0.133,23.898907103825138,24.80821917808219,D,D. Okamura,Hokkaido Consadole Sapporo,2020,38
Milan,Tucic,25,447,1996-08-15,2021-08-11,"Jan 31, 2023",0.131,24.98904109589041,25.312328767123287,M,M. Tucic,Hokkaido Consadole Sapporo,2020,38
Takahiro,Yanagi,24,330,1997-08-05,2021-02-01,"Jan 31, 2022",0.096,23.493150684931507,24.339726027397262,T,T. Yanagi,Hokkaido Consadole Sapporo,2020,38
NA,Douglas,26,329,1995-01-16,2020-02-02,"Jan 31, 2022",0.096,25.046448087431695,26.89041095890411,,Douglas,Hokkaido Consadole Sapporo,2020,38
Kojiro,Nakano,22,180,1999-03-05,2021-02-01,"Jan 31, 2026",0.053,21.912328767123288,22.75890410958904,K,K. Nakano,Hokkaido Consadole Sapporo,2020,38
Taika,Nakashima,19,27,2002-06-08,2021-02-01,"Jan 31, 2024",0.008,18.65205479452055,19.4986301369863,T,T. Nakashima,Hokkaido Consadole Sapporo,2020,38
Shinji,Ono,42,11,1979-09-27,2021-01-09,"Jan 31, 2022",0.003,41.28493150684932,42.1945205479452,S,S. Ono,Hokkaido Consadole Sapporo,2020,38
Il-gyu,Park,31,3420,1989-12-22,2021-02-01,"Jan 31, 2022",1,31.112328767123287,31.958904109589042,I,I. Park,Sagan Tosu,2020,38
NA,Eduardo,28,3195,1993-04-27,2020-01-04,"Jan 31, 2022",0.934,26.688524590163933,28.613698630136987,,Eduardo,Sagan Tosu,2020,38
Yuta,Higuchi,25,3192,1996-10-30,2019-02-01,"Jan 31, 2022",0.933,22.257534246575343,25.104109589041094,Y,Y. Higuchi,Sagan Tosu,2020,38
Keiya,Sento,26,3091,1994-12-29,2021-02-01,"Jan 31, 2023",0.904,26.09315068493151,26.93972602739726,K,K. Sento,Sagan Tosu,2020,38
Nanasei,Iino,25,2666,1996-10-02,2021-01-09,"Jan 31, 2022",0.78,24.27123287671233,25.18082191780822,N,N. Iino,Sagan Tosu,2020,38
Tomoya,Koyamatsu,26,2405,1995-04-24,2020-01-04,"Jan 31, 2022",0.703,24.69672131147541,26.621917808219177,T,T. Koyamatsu,Sagan Tosu,2020,38
Seok-ho,Hwang,32,2135,1989-06-27,2021-01-09,"Jan 31, 2022",0.624,31.536986301369865,32.446575342465756,S,S. Hwang,Sagan Tosu,2020,38
Yoshihiro,Nakano,28,1918,1993-02-24,2021-03-24,"Jan 31, 2022",0.561,28.076712328767123,28.783561643835615,Y,Y. Nakano,Sagan Tosu,2020,38
Daiki,Matsuoka,20,1830,NA,NA,NA,0.535,NA,NA,D,D. Matsuoka,Sagan Tosu,2020,38
Shinya,Nakano,18,1790,2003-08-17,2021-07-30,"Jan 31, 2025",0.523,17.95068493150685,18.306849315068494,S,S. Nakano,Sagan Tosu,2020,38
Ayumu,Ohata,20,1767,2001-04-27,2020-02-01,"Jan 31, 2023",0.517,18.76502732240437,20.613698630136987,A,A. Ohata,Sagan Tosu,2020,38
Keita,Yamashita,25,1705,1996-03-13,2021-01-09,"Jan 31, 2022",0.499,24.827397260273973,25.736986301369864,K,K. Yamashita,Sagan Tosu,2020,38
Toshio,Shimakawa,31,1528,1990-05-28,2021-01-09,"Jan 31, 2022",0.447,30.61917808219178,31.528767123287672,T,T. Shimakawa,Sagan Tosu,2020,38
Noriyoshi,Sakai,29,1515,1992-11-09,2021-01-09,"Jan 31, 2022",0.443,28.167123287671235,29.076712328767123,N,N. Sakai,Sagan Tosu,2020,38
Daichi,Hayashi,24,1354,NA,NA,NA,0.396,NA,NA,D,D. Hayashi,Sagan Tosu,2020,38
Ryohei,Shirasaki,28,970,1993-05-18,2021-08-10,"Jan 31, 2022",0.284,28.23013698630137,28.556164383561644,R,R. Shirasaki,Sagan Tosu,2020,38
Kei,Koizumi,26,776,1995-04-19,2021-08-10,"Jan 31, 2023",0.227,26.30958904109589,26.635616438356166,K,K. Koizumi,Sagan Tosu,2020,38
Fuchi,Honda,20,754,2001-05-10,2020-02-01,"Jan 31, 2023",0.22,18.729508196721312,20.578082191780823,F,F. Honda,Sagan Tosu,2020,38
Yuto,Iwasaki,23,562,1998-06-11,2021-08-11,"Jan 31, 2022",0.164,23.167123287671235,23.49041095890411,Y,Y. Iwasaki,Sagan Tosu,2020,38
Masaya,Tashiro,28,317,1993-05-01,2021-01-09,"Jan 31, 2022",0.093,27.693150684931506,28.602739726027398,M,M. Tashiro,Sagan Tosu,2020,38
Ryunosuke,Sagara,19,126,2002-08-17,2021-02-01,"Jan 31, 2024",0.037,18.46027397260274,19.306849315068494,R,R. Sagara,Sagan Tosu,2020,38
Daisuke,Matsumoto,23,119,1998-09-10,2021-02-01,"Jan 31, 2022",0.035,22.394520547945206,23.24109589041096,D,D. Matsumoto,Sagan Tosu,2020,38
Kaisei,Ishii,21,117,NA,NA,NA,0.034,NA,NA,K,K. Ishii,Sagan Tosu,2020,38
Taichi,Fukui,17,90,2004-07-15,NA,-,0.026,NA,17.397260273972602,T,T. Fukui,Sagan Tosu,2020,38
Ismael,Dunga,28,85,1993-02-24,2021-01-25,"Dec 31, 2023",0.025,27.918032786885245,28.783561643835615,I,I. Dunga,Sagan Tosu,2020,38
Yong-gi,Ryang,39,38,1982-01-07,2020-01-08,"Jan 31, 2022",0.011,38.00273224043716,39.915068493150685,Y,Y. Ryang,Sagan Tosu,2020,38
Yuto,Uchida,26,21,1995-04-29,2020-01-04,"Jan 31, 2022",0.006,24.683060109289617,26.60821917808219,Y,Y. Uchida,Sagan Tosu,2020,38
Yoshiki,Takahashi,36,20,1985-05-14,2013-02-01,"Jan 31, 2022",0.006,27.720547945205478,36.56712328767123,Y,Y. Takahashi,Sagan Tosu,2020,38
Rio,Nitta,18,12,NA,NA,NA,0.004,NA,NA,R,R. Nitta,Sagan Tosu,2020,38
Yohei,Toyoda,36,8,NA,NA,NA,0.002,NA,NA,Y,Y. Toyoda,Sagan Tosu,2020,38
Tatsuki,Seko,23,2782,1997-12-22,2020-02-01,"Jan 31, 2022",0.813,22.112021857923498,23.958904109589042,T,T. Seko,Yokohama Fc,2020,38
Yusuke,Matsuo,24,2280,1997-07-23,2020-02-01,"Jan 31, 2022",0.667,22.527322404371585,24.375342465753423,Y,Y. Matsuo,Yokohama Fc,2020,38
Hideto,Takahashi,34,1934,1987-10-17,2021-01-09,"Jan 31, 2022",0.565,33.23013698630137,34.13972602739726,H,H. Takahashi,Yokohama Fc,2020,38
Yutaro,Hakamata,25,1812,1996-06-24,2019-02-01,"Jan 31, 2022",0.53,22.60821917808219,25.454794520547946,Y,Y. Hakamata,Yokohama Fc,2020,38
Ho-gang,Han,28,1795,1993-09-18,2021-01-09,"Jan 31, 2022",0.525,27.30958904109589,28.21917808219178,H,H. Han,Yokohama Fc,2020,38
Yuya,Takagi,23,1754,1998-05-23,2021-02-01,"Jan 31, 2022",0.513,22.695890410958903,23.542465753424658,Y,Y. Takagi,Yokohama Fc,2020,38
NA,Maguinho,29,1751,1992-01-06,2020-02-01,"Jan 31, 2022",0.512,28.07103825136612,29.91780821917808,,Maguinho,Yokohama Fc,2020,38
Reo,Yasunaga,21,1738,2000-11-19,2019-02-01,"Jan 31, 2022",0.508,18.202739726027396,21.04931506849315,R,R. Yasunaga,Yokohama Fc,2020,38
Yota,Maejima,24,1731,1997-08-12,2016-02-01,"Jan 31, 2022",0.506,18.472677595628415,24.32054794520548,Y,Y. Maejima,Yokohama Fc,2020,38
Ryo,Germain,26,1638,1995-04-19,2021-01-09,"Jan 31, 2022",0.479,25.726027397260275,26.635616438356166,R,R. Germain,Yokohama Fc,2020,38
Masahiko,Inoha,36,1536,1985-08-28,2019-02-18,"Jan 31, 2022",0.449,33.47671232876712,36.276712328767125,M,M. Inoha,Yokohama Fc,2020,38
Svend,Brodersen,24,1440,1997-03-22,2021-07-12,-,0.421,24.306849315068494,24.71232876712329,S,S. Brodersen,Yokohama Fc,2020,38
Eijiro,Takeda,33,1376,1988-07-11,2018-01-06,"Jan 31, 2022",0.402,29.49041095890411,33.40821917808219,E,E. Takeda,Yokohama Fc,2020,38
Kazuma,Watanabe,35,1341,1986-08-10,2021-01-09,"Jan 31, 2022",0.392,34.416438356164385,35.326027397260276,K,K. Watanabe,Yokohama Fc,2020,38
Katsuya,Iwatake,25,1178,1996-06-04,2021-01-09,"Jan 31, 2022",0.344,24.6,25.50958904109589,K,K. Iwatake,Yokohama Fc,2020,38
NA,Kléber,31,1166,1990-05-02,2021-01-09,"Jan 31, 2022",0.341,30.69041095890411,31.6,,Kléber,Yokohama Fc,2020,38
Kohei,Tezuka,25,1162,1996-04-06,2021-02-01,"Jan 31, 2022",0.34,24.824657534246576,25.671232876712327,K,K. Tezuka,Yokohama Fc,2020,38
Keijiro,Ogawa,29,1045,NA,NA,NA,0.306,NA,NA,K,K. Ogawa,Yokohama Fc,2020,38
Takuya,Matsuura,32,966,1988-12-21,2019-01-01,"Jan 31, 2022",0.282,30.03013698630137,32.961643835616435,T,T. Matsuura,Yokohama Fc,2020,38
Yuji,Rokutan,34,900,1987-04-10,2021-02-01,"Jan 31, 2022",0.263,33.81369863013698,34.66027397260274,Y,Y. Rokutan,Yokohama Fc,2020,38
Masakazu,Tashiro,33,855,NA,NA,NA,0.25,NA,NA,M,M. Tashiro,Yokohama Fc,2020,38
NA,Gabriel,26,826,1995-03-14,2021-07-13,"Jan 31, 2024",0.242,26.33150684931507,26.734246575342464,,Gabriel,Yokohama Fc,2020,38
Yuta,Minami,42,720,NA,NA,NA,0.211,NA,NA,Y,Y. Minami,Yokohama Fc,2020,38
Saulo,Mineiro,24,679,1997-06-17,2021-07-22,"Jun 30, 2024",0.199,24.095890410958905,24.473972602739725,S,S. Mineiro,Yokohama Fc,2020,38
Sho,Ito,33,523,NA,NA,NA,0.153,NA,NA,S,S. Ito,Yokohama Fc,2020,38
Kosuke,Saito,24,497,1997-06-16,2016-02-01,"Jan 31, 2022",0.145,18.628415300546447,24.476712328767125,K,K. Saito,Yokohama Fc,2020,38
Felipe,Vizeu,24,483,1997-03-12,2021-07-21,"Dec 31, 2021",0.141,24.35890410958904,24.73972602739726,F,F. Vizeu,Yokohama Fc,2020,38
Arthur,Silva,26,476,1995-04-26,2021-07-01,"Jan 31, 2022",0.139,26.18082191780822,26.616438356164384,A,A. Silva,Yokohama Fc,2020,38
Akinori,Ichikawa,23,360,1998-10-19,2017-02-01,"Jan 31, 2022",0.105,18.28767123287671,23.134246575342466,A,A. Ichikawa,Yokohama Fc,2020,38
Daiki,Nakashio,24,359,1997-06-08,2021-01-09,"Jan 31, 2022",0.105,23.589041095890412,24.4986301369863,D,D. Nakashio,Yokohama Fc,2020,38
Shunsuke,Nakamura,43,248,1978-06-24,2019-07-11,"Jan 31, 2022",0.073,41.04644808743169,43.45479452054794,S,S. Nakamura,Yokohama Fc,2020,38
Ryuji,Sugimoto,28,120,NA,NA,NA,0.035,NA,NA,R,R. Sugimoto,Yokohama Fc,2020,38
Riku,Furuyado,20,88,NA,NA,NA,0.026,NA,NA,R,R. Furuyado,Yokohama Fc,2020,38
Tomoki,Kondo,20,19,2001-03-21,2021-06-18,-,0.006,20.243835616438357,20.715068493150685,T,T. Kondo,Yokohama Fc,2020,38
Calvin,Jong-A-Pin,35,6,NA,NA,NA,0.002,NA,NA,C,C. Jong-A-Pin,Yokohama Fc,2020,38
Kosei,Tani,21,3060,2000-11-22,2020-02-01,"Jan 31, 2022",0.895,19.193989071038253,21.041095890410958,K,K. Tani,Shonan Bellmare,2020,38
Hirokazu,Ishihara,22,3061,1999-02-26,2017-02-01,"Jan 31, 2022",0.895,17.93169398907104,22.778082191780822,H,H. Ishihara,Shonan Bellmare,2020,38
Satoshi,Tanaka,19,2671,2002-08-13,2021-02-01,"Jan 31, 2026",0.781,18.471232876712328,19.317808219178083,S,S. Tanaka,Shonan Bellmare,2020,38
Takuya,Okamoto,29,2659,1992-06-18,2019-02-01,"Jan 31, 2022",0.777,26.624657534246577,29.471232876712328,T,T. Okamoto,Shonan Bellmare,2020,38
Naoki,Yamada,31,2412,1990-07-04,2020-02-01,"Jan 31, 2022",0.705,29.579234972677597,31.427397260273974,N,N. Yamada,Shonan Bellmare,2020,38
Koki,Tachi,23,2081,1997-12-14,2020-02-01,"Jan 31, 2022",0.608,22.133879781420767,23.980821917808218,K,K. Tachi,Shonan Bellmare,2020,38
Ryo,Takahashi,28,2053,1993-07-16,2021-01-09,"Jan 31, 2022",0.6,27.484931506849314,28.394520547945206,R,R. Takahashi,Shonan Bellmare,2020,38
Yuki,Ohashi,25,1992,1996-07-27,2019-02-01,"Jan 31, 2022",0.582,22.517808219178082,25.364383561643837,Y,Y. Ohashi,Shonan Bellmare,2020,38
Shuto,Machino,22,1784,1999-09-30,2021-01-09,"Jan 31, 2022",0.522,21.276712328767122,22.186301369863013,S,S. Machino,Shonan Bellmare,2020,38
Kazuki,Oiwa,32,1773,1989-08-17,2020-01-04,"Jan 31, 2022",0.518,30.382513661202186,32.30684931506849,K,K. Oiwa,Shonan Bellmare,2020,38
NA,Wellington,33,1615,1988-02-11,2020-12-21,"Jan 31, 2022",0.472,32.85792349726776,33.81917808219178,,Wellington,Shonan Bellmare,2020,38
Kazunari,Ono,32,1445,1989-08-04,2018-02-01,"Jan 31, 2022",0.423,28.495890410958904,32.342465753424655,K,K. Ono,Shonan Bellmare,2020,38
Taiga,Hata,19,1413,2002-01-20,2020-02-01,"Jan 31, 2023",0.413,18.0327868852459,19.87945205479452,T,T. Hata,Shonan Bellmare,2020,38
Akimi,Barada,30,1370,1991-05-30,2020-01-04,"Jan 31, 2022",0.401,28.598360655737704,30.523287671232875,A,A. Barada,Shonan Bellmare,2020,38
Shintaro,Nago,25,1152,1996-04-17,2021-02-01,"Jan 31, 2022",0.337,24.794520547945204,25.64109589041096,S,S. Nago,Shonan Bellmare,2020,38
Tarik,Elyounoussi,33,1093,1988-02-23,2020-01-09,"Jan 31, 2022",0.32,31.876712328767123,33.78630136986301,T,T. Elyounoussi,Shonan Bellmare,2020,38
Shota,Kobayashi,30,763,1991-05-11,2019-01-05,"Jan 31, 2022",0.223,27.654794520547945,30.575342465753426,S,S. Kobayashi,Shonan Bellmare,2020,38
Shun,Nakamura,27,749,NA,NA,NA,0.219,NA,NA,S,S. Nakamura,Shonan Bellmare,2020,38
Daiki,Sugioka,23,720,1998-09-08,2021-08-10,"Jan 31, 2022",0.211,22.92054794520548,23.246575342465754,D,D. Sugioka,Shonan Bellmare,2020,38
Masaki,Ikeda,22,716,1999-07-08,2021-01-09,"Jan 31, 2022",0.209,21.506849315068493,22.416438356164385,M,M. Ikeda,Shonan Bellmare,2020,38
Shuto,Yamamoto,36,703,1985-06-01,2021-01-09,"Jan 31, 2022",0.206,35.608219178082194,36.51780821917808,S,S. Yamamoto,Shonan Bellmare,2020,38
Taiyo,Hiraoka,19,641,2002-09-14,2021-02-01,"Jan 31, 2024",0.187,18.383561643835616,19.23013698630137,T,T. Hiraoka,Shonan Bellmare,2020,38
Hidetoshi,Miyuki,28,500,1993-05-23,2020-01-04,"Jan 31, 2022",0.146,26.617486338797814,28.542465753424658,H,H. Miyuki,Shonan Bellmare,2020,38
Naoki,Ishihara,37,407,1984-08-14,2020-01-04,"Jan 31, 2022",0.119,35.39071038251366,37.31506849315068,N,N. Ishihara,Shonan Bellmare,2020,38
Daiki,Tomii,32,360,1989-08-27,2018-01-06,"Jan 31, 2022",0.105,28.361643835616437,32.27945205479452,D,D. Tomii,Shonan Bellmare,2020,38
Sosuke,Shibata,20,135,2001-05-26,2019-02-01,"Jan 31, 2022",0.039,17.687671232876713,20.534246575342465,S,S. Shibata,Shonan Bellmare,2020,38
NA,Riuler,NA,76,NA,NA,NA,0.022,NA,NA,,Riuler,Shonan Bellmare,2020,38
Sho,Hiramatsu,23,68,NA,NA,NA,0.02,NA,NA,S,S. Hiramatsu,Shonan Bellmare,2020,38
Welinton,Junior,28,44,1993-06-08,2021-01-11,"Jan 1, 2022",0.013,27.594520547945205,28.4986301369863,W,W. Junior,Shonan Bellmare,2020,38
Tsukasa,Umesaki,34,22,NA,NA,NA,0.006,NA,NA,T,T. Umesaki,Shonan Bellmare,2020,38
Shunya,Mori,26,13,1995-04-10,2019-07-08,"Jan 31, 2022",0.004,24.243169398907103,26.660273972602738,S,S. Mori,Shonan Bellmare,2020,38
Ryo,Nemoto,21,9,2000-02-03,2021-02-25,-,0.003,21.06027397260274,21.84109589041096,R,R. Nemoto,Shonan Bellmare,2020,38
Yuto,Misao,30,3110,1991-04-16,2019-02-01,"Jan 31, 2022",0.909,27.797260273972604,30.643835616438356,Y,Y. Misao,Oita Trinita,2020,38
Hokuto,Shimoda,30,2760,1991-11-07,2021-01-09,"Jan 31, 2022",0.807,29.172602739726027,30.08219178082192,H,H. Shimoda,Oita Trinita,2020,38
Yamato,Machida,31,2366,1989-12-19,2020-01-04,"Jan 31, 2022",0.692,30.043715846994534,31.96712328767123,Y,Y. Machida,Oita Trinita,2020,38
Yuki,Kagawa,29,2184,1992-07-02,2020-01-04,"Jan 31, 2022",0.639,27.508196721311474,29.432876712328767,Y,Y. Kagawa,Oita Trinita,2020,38
Shun,Takagi,32,2160,1989-05-22,2017-01-04,"Jan 31, 2022",0.632,27.621917808219177,32.54520547945206,S,S. Takagi,Oita Trinita,2020,38
Henrique,Trevisan,24,2039,1997-01-20,2021-02-17,"Jan 1, 2022",0.596,24.076712328767123,24.87945205479452,H,H. Trevisan,Oita Trinita,2020,38
Yuta,Koide,27,1880,1994-10-20,2020-01-06,"Jan 31, 2022",0.55,25.21311475409836,27.13150684931507,Y,Y. Koide,Oita Trinita,2020,38
Arata,Watanabe,26,1773,1995-08-05,2021-01-09,"Jan 31, 2022",0.518,25.43013698630137,26.339726027397262,A,A. Watanabe,Oita Trinita,2020,38
Shun,Nagasawa,33,1745,1988-08-25,2021-01-09,"Jan 31, 2022",0.51,32.37534246575343,33.28493150684932,S,S. Nagasawa,Oita Trinita,2020,38
Yuki,Kobayashi,33,1719,1988-10-18,2019-08-13,"Jan 31, 2022",0.503,30.81917808219178,33.136986301369866,Y,Y. Kobayashi,Oita Trinita,2020,38
Kento,Haneda,24,1651,1997-07-07,2020-02-01,"Jan 31, 2022",0.483,22.57103825136612,24.41917808219178,K,K. Haneda,Oita Trinita,2020,38
Keisuke,Saka,26,1550,1995-05-07,2021-01-09,"Jan 31, 2022",0.453,25.676712328767124,26.586301369863016,K,K. Saka,Oita Trinita,2020,38
Kenta,Inoue,23,1271,1998-07-23,2021-02-01,"Jan 31, 2022",0.372,22.528767123287672,23.375342465753423,K,K. Inoue,Oita Trinita,2020,38
Seigo,Kobayashi,27,1272,1994-01-08,2019-02-01,"Jan 31, 2022",0.372,25.065753424657533,27.912328767123288,S,S. Kobayashi,Oita Trinita,2020,38
William,Popp,27,1260,1994-10-21,2021-02-01,"Jan 31, 2022",0.368,26.28219178082192,27.12876712328767,W,W. Popp,Oita Trinita,2020,38
Kohei,Isa,30,1049,1991-11-23,2014-02-01,"Jan 31, 2022",0.307,22.19178082191781,30.03835616438356,K,K. Isa,Oita Trinita,2020,38
Yushi,Hasegawa,25,954,1996-12-06,2019-02-01,"Jan 31, 2022",0.279,22.156164383561645,25.002739726027396,Y,Y. Hasegawa,Oita Trinita,2020,38
Ryosuke,Tone,30,950,1991-10-29,2018-01-06,"Jan 31, 2022",0.278,26.18904109589041,30.106849315068494,R,R. Tone,Oita Trinita,2020,38
Rei,Matsumoto,33,846,1988-02-25,2015-02-01,"Jan 31, 2022",0.247,26.934246575342467,33.78082191780822,R,R. Matsumoto,Oita Trinita,2020,38
Asahi,Masuyama,24,662,1997-01-29,2021-08-05,"Jan 31, 2023",0.194,24.515068493150686,24.854794520547944,A,A. Masuyama,Oita Trinita,2020,38
Hiroto,Goya,27,658,1994-01-02,2021-07-12,"Jan 31, 2023",0.192,27.523287671232875,27.92876712328767,H,H. Goya,Oita Trinita,2020,38
Naoki,Nomura,30,640,1991-04-17,2020-01-04,"Jan 31, 2022",0.187,28.715846994535518,30.64109589041096,N,N. Nomura,Oita Trinita,2020,38
Yuya,Takazawa,24,576,NA,NA,NA,0.168,NA,NA,Y,Y. Takazawa,Oita Trinita,2020,38
Kenta,Fukumori,27,531,NA,NA,NA,0.155,NA,NA,K,K. Fukumori,Oita Trinita,2020,38
Katsunori,Ueebisu,25,509,1996-04-05,2021-01-09,"Jan 31, 2022",0.149,24.764383561643836,25.673972602739727,K,K. Ueebisu,Oita Trinita,2020,38
Keita,Takahata,21,444,2000-09-16,2019-02-01,"Jan 31, 2022",0.13,18.378082191780823,21.224657534246575,K,K. Takahata,Oita Trinita,2020,38
Kazuki,Fujimoto,23,278,1998-07-29,2021-02-01,"Jan 31, 2022",0.081,22.512328767123286,23.35890410958904,K,K. Fujimoto,Oita Trinita,2020,38
Matheus,Pereira,24,267,1997-01-31,2021-02-17,"Jan 1, 2022",0.078,24.046575342465754,24.84931506849315,M,M. Pereira,Oita Trinita,2020,38
Junya,Nodake,27,221,1994-09-11,2021-07-31,"Jan 31, 2023",0.065,26.884931506849316,27.23835616438356,J,J. Nodake,Oita Trinita,2020,38
Hayato,Kurosaki,25,144,NA,NA,NA,0.042,NA,NA,H,H. Kurosaki,Oita Trinita,2020,38
Tsukasa,Umesaki,34,57,1987-02-23,2021-07-19,"Jan 31, 2023",0.017,34.4,34.78630136986301,T,T. Umesaki,Oita Trinita,2020,38
Yusei,Yashiki,18,26,2003-10-18,NA,-,0.008,NA,18.136986301369863,Y,Y. Yashiki,Oita Trinita,2020,38
Kaoru,Takayama,33,1,NA,NA,NA,0,NA,NA,K,K. Takayama,Oita Trinita,2020,38
Jakub,Slowik,30,3330,1991-08-31,2019-07-02,"Jan 31, 2022",0.974,27.835616438356166,30.268493150684932,J,J. Slowik,Vegalta Sendai,2020,38
Takumi,Mase,23,2836,1998-05-03,2021-02-01,"Jan 31, 2022",0.829,22.75068493150685,23.5972602739726,T,T. Mase,Vegalta Sendai,2020,38
Takayoshi,Ishihara,28,2756,1992-12-17,2019-01-04,"Jan 31, 2022",0.806,26.04931506849315,28.972602739726028,T,T. Ishihara,Vegalta Sendai,2020,38
Kyohei,Yoshino,27,2611,1994-11-08,2020-01-04,"Jan 31, 2022",0.763,25.15573770491803,27.07945205479452,K,K. Yoshino,Vegalta Sendai,2020,38
Rikiya,Uehara,25,2563,1996-08-25,2021-02-01,"Jan 31, 2022",0.749,24.438356164383563,25.284931506849315,R,R. Uehara,Vegalta Sendai,2020,38
Takuma,Nishimura,25,2154,1996-10-22,2021-02-11,"Jan 31, 2023",0.63,24.306849315068494,25.126027397260273,T,T. Nishimura,Vegalta Sendai,2020,38
Hisashi,Appiah,23,2073,1998-10-18,2021-02-01,"Jan 31, 2022",0.606,22.29041095890411,23.136986301369863,H,H. Appiah,Vegalta Sendai,2020,38
Shuhei,Akasaki,30,1873,1991-09-01,2020-02-01,"Jan 31, 2022",0.548,28.418032786885245,30.265753424657536,S,S. Akasaki,Vegalta Sendai,2020,38
Yoshiki,Matsushita,27,1872,1994-03-03,2019-01-04,"Jan 31, 2022",0.547,24.84109589041096,27.764383561643836,Y,Y. Matsushita,Vegalta Sendai,2020,38
Kunimitsu,Sekiguchi,35,1847,1985-12-26,2018-04-10,"Jan 31, 2022",0.54,32.28767123287671,35.94794520547945,K,K. Sekiguchi,Vegalta Sendai,2020,38
Chihiro,Kato,22,1835,1998-12-12,2021-02-01,"Jan 31, 2022",0.537,22.13972602739726,22.986301369863014,C,C. Kato,Vegalta Sendai,2020,38
Yasuhiro,Hiraoka,35,1769,1986-05-23,2017-02-01,"Jan 31, 2022",0.517,30.695890410958903,35.54246575342466,Y,Y. Hiraoka,Vegalta Sendai,2020,38
Ryoma,Kida,24,1544,1997-08-12,2021-01-20,"Jan 31, 2022",0.451,23.44109589041096,24.32054794520548,R,R. Kida,Vegalta Sendai,2020,38
Shingo,Tomita,35,1454,1986-06-20,2005-02-01,"Jan 31, 2022",0.425,18.61917808219178,35.465753424657535,S,S. Tomita,Vegalta Sendai,2020,38
Koji,Hachisuka,31,1172,1990-07-20,2013-02-01,"Jan 31, 2022",0.343,22.536986301369865,31.383561643835616,K,K. Hachisuka,Vegalta Sendai,2020,38
Naoya,Fukumori,29,880,1992-08-29,2021-08-06,"Jan 31, 2024",0.257,28.936986301369863,29.273972602739725,N,N. Fukumori,Vegalta Sendai,2020,38
Cayman,Togashi,28,856,1993-08-10,2021-08-11,"Jan 31, 2023",0.25,28.002739726027396,28.326027397260273,C,C. Togashi,Vegalta Sendai,2020,38
Felippe,Cardoso,23,731,1998-10-04,2021-03-21,"Jan 1, 2022",0.214,22.46027397260274,23.175342465753424,F,F. Cardoso,Vegalta Sendai,2020,38
Quenten,Martinus,30,725,NA,NA,NA,0.212,NA,NA,Q,Q. Martinus,Vegalta Sendai,2020,38
NA,Foguinho,29,616,1992-06-15,2021-03-22,"Jan 31, 2022",0.18,28.767123287671232,29.47945205479452,,Foguinho,Vegalta Sendai,2020,38
Shogo,Nakahara,27,541,1994-05-19,2019-07-25,"Jan 31, 2022",0.158,25.183060109289617,27.553424657534247,S,S. Nakahara,Vegalta Sendai,2020,38
Yusuke,Minagawa,30,410,1991-10-09,2021-01-15,"Jan 31, 2022",0.12,29.268493150684932,30.161643835616438,Y,Y. Minagawa,Vegalta Sendai,2020,38
NA,Simão,33,322,NA,NA,NA,0.094,NA,NA,,Simão,Vegalta Sendai,2020,38
Hayato,Teruyama,21,247,2000-08-28,2019-02-01,"Jan 31, 2022",0.072,18.43013698630137,21.276712328767122,H,H. Teruyama,Vegalta Sendai,2020,38
Yosuke,Akiyama,26,169,1995-04-13,2021-01-09,"Jan 31, 2022",0.049,25.742465753424657,26.65205479452055,Y,Y. Akiyama,Vegalta Sendai,2020,38
Takumi,Sasaki,23,109,1998-03-30,2016-02-01,"Jan 31, 2022",0.032,17.84153005464481,23.69041095890411,T,T. Sasaki,Vegalta Sendai,2020,38
Emmanuel,Oti,25,108,1996-09-24,2021-01-20,"Jan 31, 2022",0.032,24.323287671232876,25.202739726027396,E,E. Oti,Vegalta Sendai,2020,38
Nedeljko,Stojisic,24,90,1997-09-25,2021-01-20,"Jan 31, 2022",0.026,23.32054794520548,24.2,N,N. Stojisic,Vegalta Sendai,2020,38
